=== FeatureDQN_v2_10x10_dense_seed0 ===
/Users/saheb/home/rl-snake/.venv/lib/python3.9/site-packages/urllib3/__init__.py:35: NotOpenSSLWarning: urllib3 v2 only supports OpenSSL 1.1.1+, currently the 'ssl' module is compiled with 'LibreSSL 2.8.3'. See: https://github.com/urllib3/urllib3/issues/3020
  warnings.warn(
wandb: [wandb.login()] Loaded credentials for https://api.wandb.ai from /Users/saheb/.netrc.
wandb: Currently logged in as: saheb37 to https://api.wandb.ai. Use `wandb login --relogin` to force relogin
wandb: setting up run o79qddco
wandb: Tracking run with wandb version 0.26.0
wandb: Run data is saved locally in /Users/saheb/home/rl-snake/wandb/run-20260516_210216-o79qddco
wandb: Run `wandb offline` to turn off syncing.
wandb: Syncing run FeatureDQN_v2_10x10_dense_seed0
wandb: ⭐️ View project at https://wandb.ai/saheb37/rl-snake
wandb: 🚀 View run at https://wandb.ai/saheb37/rl-snake/runs/o79qddco
Starting Baseline DQN Training (Dueling + 3-Step) on 10x10 Board...
Game 100 | Score: 0 | Record: 2 | Mean Score: 0.11 | Epsilon: 0.98 | Intrinsic: 0.000 | BufTerm: 0.343 | SampTerm: 0.313 | Oversample: 0.91x
[coverage] Game 100 | unique_states_cumulative: 876/10000 (8.8%) | last100_unique: 876
Game 200 | Score: 0 | Record: 2 | Mean Score: 0.09 | Epsilon: 0.96 | Intrinsic: 0.000 | BufTerm: 0.340 | SampTerm: 0.285 | Oversample: 0.84x
[coverage] Game 200 | unique_states_cumulative: 1532/10000 (15.3%) | last100_unique: 856
Game 300 | Score: 0 | Record: 2 | Mean Score: 0.10 | Epsilon: 0.94 | Intrinsic: 0.000 | BufTerm: 0.338 | SampTerm: 0.284 | Oversample: 0.84x
[coverage] Game 300 | unique_states_cumulative: 2050/10000 (20.5%) | last100_unique: 914
Game 400 | Score: 0 | Record: 2 | Mean Score: 0.09 | Epsilon: 0.92 | Intrinsic: 0.000 | BufTerm: 0.349 | SampTerm: 0.264 | Oversample: 0.76x
[coverage] Game 400 | unique_states_cumulative: 2419/10000 (24.2%) | last100_unique: 797
Game 500 | Score: 0 | Record: 2 | Mean Score: 0.08 | Epsilon: 0.90 | Intrinsic: 0.000 | BufTerm: 0.355 | SampTerm: 0.291 | Oversample: 0.82x
[coverage] Game 500 | unique_states_cumulative: 2693/10000 (26.9%) | last100_unique: 791
Game 600 | Score: 1 | Record: 3 | Mean Score: 0.09 | Epsilon: 0.88 | Intrinsic: 0.000 | BufTerm: 0.356 | SampTerm: 0.271 | Oversample: 0.76x
[coverage] Game 600 | unique_states_cumulative: 2962/10000 (29.6%) | last100_unique: 822
Game 700 | Score: 0 | Record: 3 | Mean Score: 0.09 | Epsilon: 0.86 | Intrinsic: 0.000 | BufTerm: 0.358 | SampTerm: 0.300 | Oversample: 0.84x
[coverage] Game 700 | unique_states_cumulative: 3180/10000 (31.8%) | last100_unique: 814
Game 800 | Score: 0 | Record: 3 | Mean Score: 0.10 | Epsilon: 0.84 | Intrinsic: 0.000 | BufTerm: 0.360 | SampTerm: 0.304 | Oversample: 0.84x
[coverage] Game 800 | unique_states_cumulative: 3366/10000 (33.7%) | last100_unique: 858
Game 900 | Score: 0 | Record: 3 | Mean Score: 0.10 | Epsilon: 0.82 | Intrinsic: 0.000 | BufTerm: 0.363 | SampTerm: 0.301 | Oversample: 0.83x
[coverage] Game 900 | unique_states_cumulative: 3499/10000 (35.0%) | last100_unique: 781
Game 1000 | Score: 0 | Record: 3 | Mean Score: 0.10 | Epsilon: 0.80 | Intrinsic: 0.000 | BufTerm: 0.366 | SampTerm: 0.277 | Oversample: 0.76x
[coverage] Game 1000 | unique_states_cumulative: 3679/10000 (36.8%) | last100_unique: 803
Game 1100 | Score: 0 | Record: 3 | Mean Score: 0.12 | Epsilon: 0.78 | Intrinsic: 0.000 | BufTerm: 0.365 | SampTerm: 0.296 | Oversample: 0.81x
[coverage] Game 1100 | unique_states_cumulative: 3835/10000 (38.4%) | last100_unique: 858
Game 1200 | Score: 0 | Record: 3 | Mean Score: 0.12 | Epsilon: 0.76 | Intrinsic: 0.000 | BufTerm: 0.370 | SampTerm: 0.279 | Oversample: 0.75x
[coverage] Game 1200 | unique_states_cumulative: 3938/10000 (39.4%) | last100_unique: 714
Game 1300 | Score: 0 | Record: 3 | Mean Score: 0.12 | Epsilon: 0.75 | Intrinsic: 0.000 | BufTerm: 0.373 | SampTerm: 0.295 | Oversample: 0.79x
[coverage] Game 1300 | unique_states_cumulative: 4070/10000 (40.7%) | last100_unique: 775
Game 1400 | Score: 0 | Record: 3 | Mean Score: 0.12 | Epsilon: 0.73 | Intrinsic: 0.000 | BufTerm: 0.374 | SampTerm: 0.289 | Oversample: 0.77x
[coverage] Game 1400 | unique_states_cumulative: 4202/10000 (42.0%) | last100_unique: 809
Game 1500 | Score: 0 | Record: 3 | Mean Score: 0.12 | Epsilon: 0.71 | Intrinsic: 0.000 | BufTerm: 0.377 | SampTerm: 0.315 | Oversample: 0.84x
[coverage] Game 1500 | unique_states_cumulative: 4305/10000 (43.0%) | last100_unique: 777
Game 1600 | Score: 0 | Record: 4 | Mean Score: 0.13 | Epsilon: 0.69 | Intrinsic: 0.000 | BufTerm: 0.376 | SampTerm: 0.303 | Oversample: 0.81x
[coverage] Game 1600 | unique_states_cumulative: 4498/10000 (45.0%) | last100_unique: 899
Game 1700 | Score: 0 | Record: 4 | Mean Score: 0.14 | Epsilon: 0.67 | Intrinsic: 0.000 | BufTerm: 0.377 | SampTerm: 0.276 | Oversample: 0.73x
[coverage] Game 1700 | unique_states_cumulative: 4594/10000 (45.9%) | last100_unique: 828
Game 1800 | Score: 0 | Record: 4 | Mean Score: 0.16 | Epsilon: 0.65 | Intrinsic: 0.000 | BufTerm: 0.372 | SampTerm: 0.295 | Oversample: 0.79x
[coverage] Game 1800 | unique_states_cumulative: 4850/10000 (48.5%) | last100_unique: 1068
Game 1900 | Score: 0 | Record: 4 | Mean Score: 0.17 | Epsilon: 0.63 | Intrinsic: 0.000 | BufTerm: 0.371 | SampTerm: 0.285 | Oversample: 0.77x
[coverage] Game 1900 | unique_states_cumulative: 5006/10000 (50.1%) | last100_unique: 887
Game 2000 | Score: 1 | Record: 4 | Mean Score: 0.18 | Epsilon: 0.61 | Intrinsic: 0.000 | BufTerm: 0.369 | SampTerm: 0.267 | Oversample: 0.72x
[coverage] Game 2000 | unique_states_cumulative: 5151/10000 (51.5%) | last100_unique: 940
Game 2100 | Score: 0 | Record: 5 | Mean Score: 0.20 | Epsilon: 0.59 | Intrinsic: 0.000 | BufTerm: 0.366 | SampTerm: 0.277 | Oversample: 0.76x
[coverage] Game 2100 | unique_states_cumulative: 5354/10000 (53.5%) | last100_unique: 1049
Game 2200 | Score: 3 | Record: 6 | Mean Score: 0.22 | Epsilon: 0.57 | Intrinsic: 0.000 | BufTerm: 0.362 | SampTerm: 0.301 | Oversample: 0.83x
[coverage] Game 2200 | unique_states_cumulative: 5577/10000 (55.8%) | last100_unique: 1159
Game 2300 | Score: 0 | Record: 6 | Mean Score: 0.23 | Epsilon: 0.55 | Intrinsic: 0.000 | BufTerm: 0.358 | SampTerm: 0.285 | Oversample: 0.80x
[coverage] Game 2300 | unique_states_cumulative: 5777/10000 (57.8%) | last100_unique: 1104
Game 2400 | Score: 0 | Record: 7 | Mean Score: 0.26 | Epsilon: 0.53 | Intrinsic: 0.000 | BufTerm: 0.354 | SampTerm: 0.280 | Oversample: 0.79x
[coverage] Game 2400 | unique_states_cumulative: 5948/10000 (59.5%) | last100_unique: 1211
Game 2500 | Score: 0 | Record: 7 | Mean Score: 0.27 | Epsilon: 0.51 | Intrinsic: 0.000 | BufTerm: 0.354 | SampTerm: 0.304 | Oversample: 0.86x
[coverage] Game 2500 | unique_states_cumulative: 6079/10000 (60.8%) | last100_unique: 994
Game 2600 | Score: 0 | Record: 7 | Mean Score: 0.30 | Epsilon: 0.49 | Intrinsic: 0.000 | BufTerm: 0.348 | SampTerm: 0.300 | Oversample: 0.86x
[coverage] Game 2600 | unique_states_cumulative: 6389/10000 (63.9%) | last100_unique: 1374
Game 2700 | Score: 0 | Record: 9 | Mean Score: 0.32 | Epsilon: 0.47 | Intrinsic: 0.000 | BufTerm: 0.344 | SampTerm: 0.287 | Oversample: 0.83x
[coverage] Game 2700 | unique_states_cumulative: 6607/10000 (66.1%) | last100_unique: 1233
Game 2800 | Score: 0 | Record: 9 | Mean Score: 0.33 | Epsilon: 0.45 | Intrinsic: 0.000 | BufTerm: 0.343 | SampTerm: 0.291 | Oversample: 0.85x
[coverage] Game 2800 | unique_states_cumulative: 6717/10000 (67.2%) | last100_unique: 1088
Game 2900 | Score: 0 | Record: 9 | Mean Score: 0.36 | Epsilon: 0.43 | Intrinsic: 0.000 | BufTerm: 0.339 | SampTerm: 0.275 | Oversample: 0.81x
[coverage] Game 2900 | unique_states_cumulative: 6915/10000 (69.2%) | last100_unique: 1390
Game 3000 | Score: 7 | Record: 9 | Mean Score: 0.39 | Epsilon: 0.41 | Intrinsic: 0.000 | BufTerm: 0.334 | SampTerm: 0.299 | Oversample: 0.89x
[coverage] Game 3000 | unique_states_cumulative: 7128/10000 (71.3%) | last100_unique: 1506
Game 3100 | Score: 0 | Record: 9 | Mean Score: 0.42 | Epsilon: 0.39 | Intrinsic: 0.000 | BufTerm: 0.331 | SampTerm: 0.296 | Oversample: 0.89x
[coverage] Game 3100 | unique_states_cumulative: 7293/10000 (72.9%) | last100_unique: 1324
Game 3200 | Score: 3 | Record: 9 | Mean Score: 0.44 | Epsilon: 0.37 | Intrinsic: 0.000 | BufTerm: 0.330 | SampTerm: 0.296 | Oversample: 0.90x
[coverage] Game 3200 | unique_states_cumulative: 7411/10000 (74.1%) | last100_unique: 1176
Game 3300 | Score: 5 | Record: 9 | Mean Score: 0.46 | Epsilon: 0.35 | Intrinsic: 0.000 | BufTerm: 0.326 | SampTerm: 0.303 | Oversample: 0.93x
[coverage] Game 3300 | unique_states_cumulative: 7574/10000 (75.7%) | last100_unique: 1525
Game 3400 | Score: 0 | Record: 15 | Mean Score: 0.49 | Epsilon: 0.33 | Intrinsic: 0.000 | BufTerm: 0.323 | SampTerm: 0.295 | Oversample: 0.91x
[coverage] Game 3400 | unique_states_cumulative: 7681/10000 (76.8%) | last100_unique: 1413
Game 3500 | Score: 3 | Record: 15 | Mean Score: 0.51 | Epsilon: 0.31 | Intrinsic: 0.000 | BufTerm: 0.321 | SampTerm: 0.315 | Oversample: 0.98x
[coverage] Game 3500 | unique_states_cumulative: 7795/10000 (78.0%) | last100_unique: 1359
Game 3600 | Score: 0 | Record: 15 | Mean Score: 0.54 | Epsilon: 0.29 | Intrinsic: 0.000 | BufTerm: 0.317 | SampTerm: 0.280 | Oversample: 0.88x
[coverage] Game 3600 | unique_states_cumulative: 7957/10000 (79.6%) | last100_unique: 1634
Game 3700 | Score: 8 | Record: 15 | Mean Score: 0.58 | Epsilon: 0.27 | Intrinsic: 0.000 | BufTerm: 0.312 | SampTerm: 0.291 | Oversample: 0.93x
[coverage] Game 3700 | unique_states_cumulative: 8081/10000 (80.8%) | last100_unique: 1744
Game 3800 | Score: 0 | Record: 15 | Mean Score: 0.61 | Epsilon: 0.26 | Intrinsic: 0.000 | BufTerm: 0.309 | SampTerm: 0.289 | Oversample: 0.94x
[coverage] Game 3800 | unique_states_cumulative: 8244/10000 (82.4%) | last100_unique: 1595
Game 3900 | Score: 8 | Record: 15 | Mean Score: 0.66 | Epsilon: 0.24 | Intrinsic: 0.000 | BufTerm: 0.304 | SampTerm: 0.295 | Oversample: 0.97x
[coverage] Game 3900 | unique_states_cumulative: 8386/10000 (83.9%) | last100_unique: 1943
Game 4000 | Score: 2 | Record: 15 | Mean Score: 0.70 | Epsilon: 0.22 | Intrinsic: 0.000 | BufTerm: 0.299 | SampTerm: 0.285 | Oversample: 0.95x
[coverage] Game 4000 | unique_states_cumulative: 8492/10000 (84.9%) | last100_unique: 1873
Game 4100 | Score: 0 | Record: 15 | Mean Score: 0.75 | Epsilon: 0.20 | Intrinsic: 0.000 | BufTerm: 0.294 | SampTerm: 0.297 | Oversample: 1.01x
[coverage] Game 4100 | unique_states_cumulative: 8646/10000 (86.5%) | last100_unique: 2105
Game 4200 | Score: 1 | Record: 21 | Mean Score: 0.81 | Epsilon: 0.18 | Intrinsic: 0.000 | BufTerm: 0.288 | SampTerm: 0.263 | Oversample: 0.91x
[coverage] Game 4200 | unique_states_cumulative: 8778/10000 (87.8%) | last100_unique: 2235
Game 4300 | Score: 0 | Record: 21 | Mean Score: 0.86 | Epsilon: 0.16 | Intrinsic: 0.000 | BufTerm: 0.282 | SampTerm: 0.257 | Oversample: 0.91x
[coverage] Game 4300 | unique_states_cumulative: 8881/10000 (88.8%) | last100_unique: 2237
Game 4400 | Score: 0 | Record: 21 | Mean Score: 0.91 | Epsilon: 0.14 | Intrinsic: 0.000 | BufTerm: 0.278 | SampTerm: 0.283 | Oversample: 1.02x
[coverage] Game 4400 | unique_states_cumulative: 8969/10000 (89.7%) | last100_unique: 2050
Game 4500 | Score: 6 | Record: 21 | Mean Score: 0.98 | Epsilon: 0.12 | Intrinsic: 0.000 | BufTerm: 0.271 | SampTerm: 0.239 | Oversample: 0.88x
[coverage] Game 4500 | unique_states_cumulative: 9101/10000 (91.0%) | last100_unique: 2790
Game 4600 | Score: 0 | Record: 21 | Mean Score: 1.03 | Epsilon: 0.10 | Intrinsic: 0.000 | BufTerm: 0.266 | SampTerm: 0.261 | Oversample: 0.98x
[coverage] Game 4600 | unique_states_cumulative: 9176/10000 (91.8%) | last100_unique: 2338
Game 4700 | Score: 0 | Record: 23 | Mean Score: 1.10 | Epsilon: 0.08 | Intrinsic: 0.000 | BufTerm: 0.260 | SampTerm: 0.280 | Oversample: 1.08x
[coverage] Game 4700 | unique_states_cumulative: 9246/10000 (92.5%) | last100_unique: 2600
Game 4800 | Score: 14 | Record: 28 | Mean Score: 1.17 | Epsilon: 0.06 | Intrinsic: 0.000 | BufTerm: 0.254 | SampTerm: 0.263 | Oversample: 1.03x
[coverage] Game 4800 | unique_states_cumulative: 9302/10000 (93.0%) | last100_unique: 2769
Game 4900 | Score: 22 | Record: 30 | Mean Score: 1.29 | Epsilon: 0.04 | Intrinsic: 0.000 | BufTerm: 0.244 | SampTerm: 0.271 | Oversample: 1.11x
[coverage] Game 4900 | unique_states_cumulative: 9405/10000 (94.0%) | last100_unique: 3652
Game 5000 | Score: 13 | Record: 34 | Mean Score: 1.42 | Epsilon: 0.02 | Intrinsic: 0.000 | BufTerm: 0.224 | SampTerm: 0.228 | Oversample: 1.02x
[coverage] Game 5000 | unique_states_cumulative: 9533/10000 (95.3%) | last100_unique: 4283
Game 5100 | Score: 19 | Record: 38 | Mean Score: 1.59 | Epsilon: 0.02 | Intrinsic: 0.000 | BufTerm: 0.199 | SampTerm: 0.243 | Oversample: 1.22x
[coverage] Game 5100 | unique_states_cumulative: 9616/10000 (96.2%) | last100_unique: 4427
Game 5200 | Score: 0 | Record: 38 | Mean Score: 1.71 | Epsilon: 0.02 | Intrinsic: 0.000 | BufTerm: 0.176 | SampTerm: 0.224 | Oversample: 1.27x
[coverage] Game 5200 | unique_states_cumulative: 9688/10000 (96.9%) | last100_unique: 4134
Game 5300 | Score: 0 | Record: 38 | Mean Score: 1.85 | Epsilon: 0.02 | Intrinsic: 0.000 | BufTerm: 0.156 | SampTerm: 0.208 | Oversample: 1.33x
[coverage] Game 5300 | unique_states_cumulative: 9738/10000 (97.4%) | last100_unique: 4354
Game 5400 | Score: 0 | Record: 38 | Mean Score: 1.95 | Epsilon: 0.02 | Intrinsic: 0.000 | BufTerm: 0.143 | SampTerm: 0.192 | Oversample: 1.34x
[coverage] Game 5400 | unique_states_cumulative: 9769/10000 (97.7%) | last100_unique: 3818
Game 5500 | Score: 20 | Record: 41 | Mean Score: 2.11 | Epsilon: 0.02 | Intrinsic: 0.000 | BufTerm: 0.124 | SampTerm: 0.140 | Oversample: 1.13x
[coverage] Game 5500 | unique_states_cumulative: 9795/10000 (98.0%) | last100_unique: 4863
Game 5600 | Score: 0 | Record: 41 | Mean Score: 2.24 | Epsilon: 0.02 | Intrinsic: 0.000 | BufTerm: 0.108 | SampTerm: 0.143 | Oversample: 1.32x
[coverage] Game 5600 | unique_states_cumulative: 9814/10000 (98.1%) | last100_unique: 4540
Game 5700 | Score: 0 | Record: 41 | Mean Score: 2.38 | Epsilon: 0.02 | Intrinsic: 0.000 | BufTerm: 0.094 | SampTerm: 0.123 | Oversample: 1.31x
[coverage] Game 5700 | unique_states_cumulative: 9826/10000 (98.3%) | last100_unique: 4724
Game 5800 | Score: 12 | Record: 41 | Mean Score: 2.49 | Epsilon: 0.02 | Intrinsic: 0.000 | BufTerm: 0.084 | SampTerm: 0.092 | Oversample: 1.10x
[coverage] Game 5800 | unique_states_cumulative: 9839/10000 (98.4%) | last100_unique: 4721
Game 5900 | Score: 0 | Record: 41 | Mean Score: 2.58 | Epsilon: 0.02 | Intrinsic: 0.000 | BufTerm: 0.078 | SampTerm: 0.095 | Oversample: 1.21x
[coverage] Game 5900 | unique_states_cumulative: 9847/10000 (98.5%) | last100_unique: 4015
Game 6000 | Score: 10 | Record: 41 | Mean Score: 2.70 | Epsilon: 0.02 | Intrinsic: 0.000 | BufTerm: 0.071 | SampTerm: 0.081 | Oversample: 1.15x
[coverage] Game 6000 | unique_states_cumulative: 9858/10000 (98.6%) | last100_unique: 4718
Game 6100 | Score: 24 | Record: 41 | Mean Score: 2.80 | Epsilon: 0.02 | Intrinsic: 0.000 | BufTerm: 0.066 | SampTerm: 0.089 | Oversample: 1.35x
[coverage] Game 6100 | unique_states_cumulative: 9861/10000 (98.6%) | last100_unique: 4236
Game 6200 | Score: 0 | Record: 41 | Mean Score: 2.90 | Epsilon: 0.02 | Intrinsic: 0.000 | BufTerm: 0.064 | SampTerm: 0.081 | Oversample: 1.26x
[coverage] Game 6200 | unique_states_cumulative: 9870/10000 (98.7%) | last100_unique: 4527
Game 6300 | Score: 28 | Record: 41 | Mean Score: 2.99 | Epsilon: 0.02 | Intrinsic: 0.000 | BufTerm: 0.064 | SampTerm: 0.065 | Oversample: 1.02x
[coverage] Game 6300 | unique_states_cumulative: 9876/10000 (98.8%) | last100_unique: 4403
Game 6400 | Score: 10 | Record: 45 | Mean Score: 3.09 | Epsilon: 0.02 | Intrinsic: 0.000 | BufTerm: 0.064 | SampTerm: 0.077 | Oversample: 1.21x
[coverage] Game 6400 | unique_states_cumulative: 9881/10000 (98.8%) | last100_unique: 4602
Game 6500 | Score: 21 | Record: 45 | Mean Score: 3.18 | Epsilon: 0.02 | Intrinsic: 0.000 | BufTerm: 0.063 | SampTerm: 0.063 | Oversample: 0.99x
[coverage] Game 6500 | unique_states_cumulative: 9885/10000 (98.8%) | last100_unique: 4427
Game 6600 | Score: 0 | Record: 45 | Mean Score: 3.26 | Epsilon: 0.02 | Intrinsic: 0.000 | BufTerm: 0.063 | SampTerm: 0.056 | Oversample: 0.89x
[coverage] Game 6600 | unique_states_cumulative: 9890/10000 (98.9%) | last100_unique: 4432
Game 6700 | Score: 28 | Record: 45 | Mean Score: 3.35 | Epsilon: 0.02 | Intrinsic: 0.000 | BufTerm: 0.063 | SampTerm: 0.064 | Oversample: 1.01x
[coverage] Game 6700 | unique_states_cumulative: 9891/10000 (98.9%) | last100_unique: 4500
Game 6800 | Score: 8 | Record: 45 | Mean Score: 3.43 | Epsilon: 0.02 | Intrinsic: 0.000 | BufTerm: 0.063 | SampTerm: 0.067 | Oversample: 1.05x
[coverage] Game 6800 | unique_states_cumulative: 9891/10000 (98.9%) | last100_unique: 4560
Game 6900 | Score: 15 | Record: 45 | Mean Score: 3.51 | Epsilon: 0.02 | Intrinsic: 0.000 | BufTerm: 0.064 | SampTerm: 0.077 | Oversample: 1.22x
[coverage] Game 6900 | unique_states_cumulative: 9893/10000 (98.9%) | last100_unique: 4518
Game 7000 | Score: 0 | Record: 45 | Mean Score: 3.59 | Epsilon: 0.02 | Intrinsic: 0.000 | BufTerm: 0.063 | SampTerm: 0.063 | Oversample: 0.99x
[coverage] Game 7000 | unique_states_cumulative: 9894/10000 (98.9%) | last100_unique: 4762
Game 7100 | Score: 4 | Record: 45 | Mean Score: 3.68 | Epsilon: 0.02 | Intrinsic: 0.000 | BufTerm: 0.064 | SampTerm: 0.065 | Oversample: 1.03x
[coverage] Game 7100 | unique_states_cumulative: 9894/10000 (98.9%) | last100_unique: 4658
Game 7200 | Score: 0 | Record: 45 | Mean Score: 3.78 | Epsilon: 0.02 | Intrinsic: 0.000 | BufTerm: 0.062 | SampTerm: 0.079 | Oversample: 1.27x
[coverage] Game 7200 | unique_states_cumulative: 9897/10000 (99.0%) | last100_unique: 5047
Game 7300 | Score: 0 | Record: 45 | Mean Score: 3.86 | Epsilon: 0.02 | Intrinsic: 0.000 | BufTerm: 0.061 | SampTerm: 0.073 | Oversample: 1.19x
[coverage] Game 7300 | unique_states_cumulative: 9898/10000 (99.0%) | last100_unique: 4663
Game 7400 | Score: 0 | Record: 45 | Mean Score: 3.92 | Epsilon: 0.02 | Intrinsic: 0.000 | BufTerm: 0.062 | SampTerm: 0.061 | Oversample: 0.99x
[coverage] Game 7400 | unique_states_cumulative: 9898/10000 (99.0%) | last100_unique: 4255
Game 7500 | Score: 10 | Record: 45 | Mean Score: 3.97 | Epsilon: 0.02 | Intrinsic: 0.000 | BufTerm: 0.063 | SampTerm: 0.069 | Oversample: 1.09x
[coverage] Game 7500 | unique_states_cumulative: 9898/10000 (99.0%) | last100_unique: 3965
Game 7600 | Score: 13 | Record: 45 | Mean Score: 4.05 | Epsilon: 0.02 | Intrinsic: 0.000 | BufTerm: 0.063 | SampTerm: 0.072 | Oversample: 1.15x
[coverage] Game 7600 | unique_states_cumulative: 9899/10000 (99.0%) | last100_unique: 4660
Game 7700 | Score: 0 | Record: 45 | Mean Score: 4.11 | Epsilon: 0.02 | Intrinsic: 0.000 | BufTerm: 0.062 | SampTerm: 0.079 | Oversample: 1.26x
[coverage] Game 7700 | unique_states_cumulative: 9899/10000 (99.0%) | last100_unique: 4728
Game 7800 | Score: 0 | Record: 45 | Mean Score: 4.20 | Epsilon: 0.02 | Intrinsic: 0.000 | BufTerm: 0.061 | SampTerm: 0.060 | Oversample: 0.98x
[coverage] Game 7800 | unique_states_cumulative: 9899/10000 (99.0%) | last100_unique: 5019
Game 7900 | Score: 15 | Record: 45 | Mean Score: 4.31 | Epsilon: 0.02 | Intrinsic: 0.000 | BufTerm: 0.059 | SampTerm: 0.064 | Oversample: 1.09x
[coverage] Game 7900 | unique_states_cumulative: 9899/10000 (99.0%) | last100_unique: 5428
Game 8000 | Score: 0 | Record: 45 | Mean Score: 4.37 | Epsilon: 0.02 | Intrinsic: 0.000 | BufTerm: 0.059 | SampTerm: 0.065 | Oversample: 1.10x
[coverage] Game 8000 | unique_states_cumulative: 9899/10000 (99.0%) | last100_unique: 4487
Game 8100 | Score: 29 | Record: 45 | Mean Score: 4.43 | Epsilon: 0.02 | Intrinsic: 0.000 | BufTerm: 0.059 | SampTerm: 0.052 | Oversample: 0.88x
[coverage] Game 8100 | unique_states_cumulative: 9900/10000 (99.0%) | last100_unique: 4495
Game 8200 | Score: 0 | Record: 45 | Mean Score: 4.49 | Epsilon: 0.02 | Intrinsic: 0.000 | BufTerm: 0.059 | SampTerm: 0.079 | Oversample: 1.33x
[coverage] Game 8200 | unique_states_cumulative: 9900/10000 (99.0%) | last100_unique: 4653
Game 8300 | Score: 0 | Record: 45 | Mean Score: 4.56 | Epsilon: 0.02 | Intrinsic: 0.000 | BufTerm: 0.059 | SampTerm: 0.061 | Oversample: 1.04x
[coverage] Game 8300 | unique_states_cumulative: 9900/10000 (99.0%) | last100_unique: 4806
Game 8400 | Score: 0 | Record: 45 | Mean Score: 4.61 | Epsilon: 0.02 | Intrinsic: 0.000 | BufTerm: 0.060 | SampTerm: 0.056 | Oversample: 0.93x
[coverage] Game 8400 | unique_states_cumulative: 9900/10000 (99.0%) | last100_unique: 4260
Game 8500 | Score: 30 | Record: 45 | Mean Score: 4.67 | Epsilon: 0.02 | Intrinsic: 0.000 | BufTerm: 0.060 | SampTerm: 0.063 | Oversample: 1.04x
[coverage] Game 8500 | unique_states_cumulative: 9900/10000 (99.0%) | last100_unique: 4575
Game 8600 | Score: 0 | Record: 45 | Mean Score: 4.74 | Epsilon: 0.02 | Intrinsic: 0.000 | BufTerm: 0.059 | SampTerm: 0.081 | Oversample: 1.39x
[coverage] Game 8600 | unique_states_cumulative: 9900/10000 (99.0%) | last100_unique: 5025
Game 8700 | Score: 1 | Record: 45 | Mean Score: 4.79 | Epsilon: 0.02 | Intrinsic: 0.000 | BufTerm: 0.058 | SampTerm: 0.093 | Oversample: 1.60x
[coverage] Game 8700 | unique_states_cumulative: 9900/10000 (99.0%) | last100_unique: 4617
[Game 8750] Final LR cooldown applied → 1e-5
Game 8800 | Score: 26 | Record: 45 | Mean Score: 4.85 | Epsilon: 0.02 | Intrinsic: 0.000 | BufTerm: 0.057 | SampTerm: 0.081 | Oversample: 1.42x
[coverage] Game 8800 | unique_states_cumulative: 9900/10000 (99.0%) | last100_unique: 4948
Game 8900 | Score: 27 | Record: 45 | Mean Score: 4.93 | Epsilon: 0.02 | Intrinsic: 0.000 | BufTerm: 0.057 | SampTerm: 0.063 | Oversample: 1.11x
[coverage] Game 8900 | unique_states_cumulative: 9900/10000 (99.0%) | last100_unique: 5193
Game 9000 | Score: 0 | Record: 46 | Mean Score: 5.00 | Epsilon: 0.02 | Intrinsic: 0.000 | BufTerm: 0.057 | SampTerm: 0.064 | Oversample: 1.12x
[coverage] Game 9000 | unique_states_cumulative: 9900/10000 (99.0%) | last100_unique: 5270
Game 9100 | Score: 16 | Record: 46 | Mean Score: 5.06 | Epsilon: 0.02 | Intrinsic: 0.000 | BufTerm: 0.056 | SampTerm: 0.067 | Oversample: 1.18x
[coverage] Game 9100 | unique_states_cumulative: 9900/10000 (99.0%) | last100_unique: 5353
Game 9200 | Score: 0 | Record: 46 | Mean Score: 5.14 | Epsilon: 0.02 | Intrinsic: 0.000 | BufTerm: 0.055 | SampTerm: 0.073 | Oversample: 1.34x
[coverage] Game 9200 | unique_states_cumulative: 9900/10000 (99.0%) | last100_unique: 5486
Game 9300 | Score: 0 | Record: 46 | Mean Score: 5.21 | Epsilon: 0.02 | Intrinsic: 0.000 | BufTerm: 0.054 | SampTerm: 0.080 | Oversample: 1.49x
[coverage] Game 9300 | unique_states_cumulative: 9900/10000 (99.0%) | last100_unique: 5034
Game 9400 | Score: 0 | Record: 46 | Mean Score: 5.28 | Epsilon: 0.02 | Intrinsic: 0.000 | BufTerm: 0.052 | SampTerm: 0.069 | Oversample: 1.32x
[coverage] Game 9400 | unique_states_cumulative: 9900/10000 (99.0%) | last100_unique: 5472
Game 9500 | Score: 19 | Record: 46 | Mean Score: 5.33 | Epsilon: 0.02 | Intrinsic: 0.000 | BufTerm: 0.051 | SampTerm: 0.057 | Oversample: 1.12x
[coverage] Game 9500 | unique_states_cumulative: 9900/10000 (99.0%) | last100_unique: 4738
Game 9600 | Score: 18 | Record: 46 | Mean Score: 5.39 | Epsilon: 0.02 | Intrinsic: 0.000 | BufTerm: 0.051 | SampTerm: 0.063 | Oversample: 1.22x
[coverage] Game 9600 | unique_states_cumulative: 9900/10000 (99.0%) | last100_unique: 5263
Game 9700 | Score: 0 | Record: 46 | Mean Score: 5.44 | Epsilon: 0.02 | Intrinsic: 0.000 | BufTerm: 0.051 | SampTerm: 0.065 | Oversample: 1.28x
[coverage] Game 9700 | unique_states_cumulative: 9900/10000 (99.0%) | last100_unique: 4788
Game 9800 | Score: 19 | Record: 46 | Mean Score: 5.50 | Epsilon: 0.02 | Intrinsic: 0.000 | BufTerm: 0.050 | SampTerm: 0.072 | Oversample: 1.43x
[coverage] Game 9800 | unique_states_cumulative: 9900/10000 (99.0%) | last100_unique: 5168
Game 9900 | Score: 15 | Record: 46 | Mean Score: 5.56 | Epsilon: 0.02 | Intrinsic: 0.000 | BufTerm: 0.050 | SampTerm: 0.068 | Oversample: 1.35x
[coverage] Game 9900 | unique_states_cumulative: 9900/10000 (99.0%) | last100_unique: 5160
Game 10000 | Score: 14 | Record: 46 | Mean Score: 5.60 | Epsilon: 0.02 | Intrinsic: 0.000 | BufTerm: 0.051 | SampTerm: 0.069 | Oversample: 1.36x
[coverage] Game 10000 | unique_states_cumulative: 9900/10000 (99.0%) | last100_unique: 4889

Training Complete!
Best Score: 46
Final Mean Score: 5.60
wandb: updating run metadata
wandb: uploading output.log; uploading wandb-summary.json; uploading config.yaml
wandb: uploading output.log; uploading config.yaml
wandb: uploading history steps 99-99, summary, console lines 200-205
wandb: 
wandb: Run history:
wandb:        Buf_Terminal_Frac ▇▇█████████▇▇▇▇▇▇▇▇▆▅▄▃▃▂▁▁▁▁▁▁▁▁▁▁▁▁▁▁▁
wandb:      Coverage_Cumulative ▁▂▂▂▃▃▃▃▄▄▆▆▇▇▇▇▇▇██████████████████████
wandb: Coverage_Cumulative_Frac ▁▂▃▃▃▄▄▄▅▅▆▆▆▆▆▇▇▇▇▇████████████████████
wandb:       Coverage_Window100 ▁▁▁▁▁▁▁▁▂▁▂▂▂▂▂▃▃▃▃▄▆▆▇▇▆▆▇▇▇▇▇▇▇▇▆▇██▇▇
wandb:                  Epsilon ███▇▇▅▅▄▄▃▃▃▂▂▂▂▁▁▁▁▁▁▁▁▁▁▁▁▁▁▁▁▁▁▁▁▁▁▁▁
wandb:                     Game ▁▁▁▁▁▂▂▂▂▂▃▃▃▃▃▄▄▄▅▅▅▅▅▆▆▆▆▆▆▆▇▇▇▇▇█████
wandb:               Mean_Score ▁▁▁▁▁▁▁▁▁▁▁▁▁▁▂▂▂▂▂▂▃▄▅▅▅▅▆▆▆▆▇▇▇▇▇▇▇███
wandb:                   Record ▁▁▁▁▁▁▁▁▁▁▂▂▂▂▂▂▃▃▃▃▄▄▄▄▅▇▇▇▇▇██████████
wandb:     Sample_Terminal_Frac ▇▇▇▇█▇▇▇███▇▇█▇▇▇▆▇▇▃▃▂▂▂▁▁▁▁▁▁▁▁▂▂▁▁▁▁▁
wandb:                    Score ▁▁▁▁▁▁▁▁▁▁▁▁▁▁▁▁▁▁▂▁▁▁▁▃▁▁▁▆▁▁█▃▅▁▁▁█▅▆▆
wandb:                       +1 ...
wandb: 
wandb: Run summary:
wandb:        Buf_Terminal_Frac 0.051
wandb:      Coverage_Cumulative 9900
wandb: Coverage_Cumulative_Frac 0.99
wandb:       Coverage_Window100 4889
wandb:                  Epsilon 0.02
wandb:                     Game 10000
wandb:               Mean_Score 5.6004
wandb:                   Record 46
wandb:     Sample_Terminal_Frac 0.06933
wandb:                    Score 14
wandb:                       +1 ...
wandb: 
wandb: 🚀 View run FeatureDQN_v2_10x10_dense_seed0 at: https://wandb.ai/saheb37/rl-snake/runs/o79qddco
wandb: ⭐️ View project at: https://wandb.ai/saheb37/rl-snake
wandb: Synced 5 W&B file(s), 0 media file(s), 0 artifact file(s) and 0 other file(s)
wandb: Find logs at: ./wandb/run-20260516_210216-o79qddco/logs
--- FeatureDQN_v2_10x10_dense_seed0 done ---
=== FeatureDQN_v2_10x10_dense_seed1 ===
/Users/saheb/home/rl-snake/.venv/lib/python3.9/site-packages/urllib3/__init__.py:35: NotOpenSSLWarning: urllib3 v2 only supports OpenSSL 1.1.1+, currently the 'ssl' module is compiled with 'LibreSSL 2.8.3'. See: https://github.com/urllib3/urllib3/issues/3020
  warnings.warn(
wandb: [wandb.login()] Loaded credentials for https://api.wandb.ai from /Users/saheb/.netrc.
wandb: Currently logged in as: saheb37 to https://api.wandb.ai. Use `wandb login --relogin` to force relogin
wandb: setting up run 2fzzsezo
wandb: Tracking run with wandb version 0.26.0
wandb: Run data is saved locally in /Users/saheb/home/rl-snake/wandb/run-20260516_222820-2fzzsezo
wandb: Run `wandb offline` to turn off syncing.
wandb: Syncing run FeatureDQN_v2_10x10_dense_seed1
wandb: ⭐️ View project at https://wandb.ai/saheb37/rl-snake
wandb: 🚀 View run at https://wandb.ai/saheb37/rl-snake/runs/2fzzsezo
Starting Baseline DQN Training (Dueling + 3-Step) on 10x10 Board...
Game 100 | Score: 0 | Record: 3 | Mean Score: 0.10 | Epsilon: 0.98 | Intrinsic: 0.000 | BufTerm: 0.316 | SampTerm: 0.296 | Oversample: 0.94x
[coverage] Game 100 | unique_states_cumulative: 883/10000 (8.8%) | last100_unique: 883
Game 200 | Score: 0 | Record: 3 | Mean Score: 0.12 | Epsilon: 0.96 | Intrinsic: 0.000 | BufTerm: 0.329 | SampTerm: 0.264 | Oversample: 0.80x
[coverage] Game 200 | unique_states_cumulative: 1589/10000 (15.9%) | last100_unique: 862
Game 300 | Score: 0 | Record: 3 | Mean Score: 0.11 | Epsilon: 0.94 | Intrinsic: 0.000 | BufTerm: 0.330 | SampTerm: 0.231 | Oversample: 0.70x
[coverage] Game 300 | unique_states_cumulative: 2098/10000 (21.0%) | last100_unique: 883
Game 400 | Score: 0 | Record: 3 | Mean Score: 0.10 | Epsilon: 0.92 | Intrinsic: 0.000 | BufTerm: 0.339 | SampTerm: 0.279 | Oversample: 0.82x
[coverage] Game 400 | unique_states_cumulative: 2480/10000 (24.8%) | last100_unique: 800
Game 500 | Score: 0 | Record: 3 | Mean Score: 0.11 | Epsilon: 0.90 | Intrinsic: 0.000 | BufTerm: 0.342 | SampTerm: 0.275 | Oversample: 0.80x
[coverage] Game 500 | unique_states_cumulative: 2839/10000 (28.4%) | last100_unique: 841
Game 600 | Score: 0 | Record: 3 | Mean Score: 0.10 | Epsilon: 0.88 | Intrinsic: 0.000 | BufTerm: 0.348 | SampTerm: 0.273 | Oversample: 0.79x
[coverage] Game 600 | unique_states_cumulative: 3076/10000 (30.8%) | last100_unique: 799
Game 700 | Score: 0 | Record: 3 | Mean Score: 0.11 | Epsilon: 0.86 | Intrinsic: 0.000 | BufTerm: 0.349 | SampTerm: 0.245 | Oversample: 0.70x
[coverage] Game 700 | unique_states_cumulative: 3311/10000 (33.1%) | last100_unique: 824
Game 800 | Score: 0 | Record: 3 | Mean Score: 0.11 | Epsilon: 0.84 | Intrinsic: 0.000 | BufTerm: 0.350 | SampTerm: 0.249 | Oversample: 0.71x
[coverage] Game 800 | unique_states_cumulative: 3530/10000 (35.3%) | last100_unique: 848
Game 900 | Score: 0 | Record: 3 | Mean Score: 0.11 | Epsilon: 0.82 | Intrinsic: 0.000 | BufTerm: 0.354 | SampTerm: 0.283 | Oversample: 0.80x
[coverage] Game 900 | unique_states_cumulative: 3669/10000 (36.7%) | last100_unique: 814
Game 1000 | Score: 0 | Record: 3 | Mean Score: 0.11 | Epsilon: 0.80 | Intrinsic: 0.000 | BufTerm: 0.357 | SampTerm: 0.289 | Oversample: 0.81x
[coverage] Game 1000 | unique_states_cumulative: 3784/10000 (37.8%) | last100_unique: 736
Game 1100 | Score: 0 | Record: 3 | Mean Score: 0.11 | Epsilon: 0.78 | Intrinsic: 0.000 | BufTerm: 0.362 | SampTerm: 0.296 | Oversample: 0.82x
[coverage] Game 1100 | unique_states_cumulative: 3887/10000 (38.9%) | last100_unique: 713
Game 1200 | Score: 0 | Record: 3 | Mean Score: 0.11 | Epsilon: 0.76 | Intrinsic: 0.000 | BufTerm: 0.363 | SampTerm: 0.279 | Oversample: 0.77x
[coverage] Game 1200 | unique_states_cumulative: 4027/10000 (40.3%) | last100_unique: 822
Game 1300 | Score: 0 | Record: 3 | Mean Score: 0.12 | Epsilon: 0.75 | Intrinsic: 0.000 | BufTerm: 0.363 | SampTerm: 0.280 | Oversample: 0.77x
[coverage] Game 1300 | unique_states_cumulative: 4220/10000 (42.2%) | last100_unique: 871
Game 1400 | Score: 0 | Record: 3 | Mean Score: 0.13 | Epsilon: 0.73 | Intrinsic: 0.000 | BufTerm: 0.365 | SampTerm: 0.272 | Oversample: 0.75x
[coverage] Game 1400 | unique_states_cumulative: 4388/10000 (43.9%) | last100_unique: 812
Game 1500 | Score: 2 | Record: 3 | Mean Score: 0.14 | Epsilon: 0.71 | Intrinsic: 0.000 | BufTerm: 0.361 | SampTerm: 0.287 | Oversample: 0.79x
[coverage] Game 1500 | unique_states_cumulative: 4594/10000 (45.9%) | last100_unique: 960
Game 1600 | Score: 0 | Record: 3 | Mean Score: 0.15 | Epsilon: 0.69 | Intrinsic: 0.000 | BufTerm: 0.361 | SampTerm: 0.268 | Oversample: 0.74x
[coverage] Game 1600 | unique_states_cumulative: 4762/10000 (47.6%) | last100_unique: 931
Game 1700 | Score: 0 | Record: 3 | Mean Score: 0.16 | Epsilon: 0.67 | Intrinsic: 0.000 | BufTerm: 0.362 | SampTerm: 0.309 | Oversample: 0.85x
[coverage] Game 1700 | unique_states_cumulative: 4953/10000 (49.5%) | last100_unique: 894
Game 1800 | Score: 0 | Record: 4 | Mean Score: 0.17 | Epsilon: 0.65 | Intrinsic: 0.000 | BufTerm: 0.362 | SampTerm: 0.277 | Oversample: 0.77x
[coverage] Game 1800 | unique_states_cumulative: 5093/10000 (50.9%) | last100_unique: 883
Game 1900 | Score: 0 | Record: 4 | Mean Score: 0.18 | Epsilon: 0.63 | Intrinsic: 0.000 | BufTerm: 0.361 | SampTerm: 0.291 | Oversample: 0.80x
[coverage] Game 1900 | unique_states_cumulative: 5236/10000 (52.4%) | last100_unique: 937
Game 2000 | Score: 0 | Record: 5 | Mean Score: 0.20 | Epsilon: 0.61 | Intrinsic: 0.000 | BufTerm: 0.359 | SampTerm: 0.271 | Oversample: 0.75x
[coverage] Game 2000 | unique_states_cumulative: 5392/10000 (53.9%) | last100_unique: 994
Game 2100 | Score: 0 | Record: 6 | Mean Score: 0.21 | Epsilon: 0.59 | Intrinsic: 0.000 | BufTerm: 0.360 | SampTerm: 0.287 | Oversample: 0.80x
[coverage] Game 2100 | unique_states_cumulative: 5559/10000 (55.6%) | last100_unique: 915
Game 2200 | Score: 0 | Record: 7 | Mean Score: 0.23 | Epsilon: 0.57 | Intrinsic: 0.000 | BufTerm: 0.355 | SampTerm: 0.288 | Oversample: 0.81x
[coverage] Game 2200 | unique_states_cumulative: 5867/10000 (58.7%) | last100_unique: 1244
Game 2300 | Score: 1 | Record: 7 | Mean Score: 0.25 | Epsilon: 0.55 | Intrinsic: 0.000 | BufTerm: 0.352 | SampTerm: 0.276 | Oversample: 0.78x
[coverage] Game 2300 | unique_states_cumulative: 6079/10000 (60.8%) | last100_unique: 1163
Game 2400 | Score: 1 | Record: 7 | Mean Score: 0.27 | Epsilon: 0.53 | Intrinsic: 0.000 | BufTerm: 0.350 | SampTerm: 0.289 | Oversample: 0.83x
[coverage] Game 2400 | unique_states_cumulative: 6277/10000 (62.8%) | last100_unique: 1077
Game 2500 | Score: 0 | Record: 7 | Mean Score: 0.28 | Epsilon: 0.51 | Intrinsic: 0.000 | BufTerm: 0.349 | SampTerm: 0.288 | Oversample: 0.82x
[coverage] Game 2500 | unique_states_cumulative: 6410/10000 (64.1%) | last100_unique: 986
Game 2600 | Score: 0 | Record: 7 | Mean Score: 0.29 | Epsilon: 0.49 | Intrinsic: 0.000 | BufTerm: 0.349 | SampTerm: 0.288 | Oversample: 0.83x
[coverage] Game 2600 | unique_states_cumulative: 6539/10000 (65.4%) | last100_unique: 962
Game 2700 | Score: 1 | Record: 7 | Mean Score: 0.31 | Epsilon: 0.47 | Intrinsic: 0.000 | BufTerm: 0.347 | SampTerm: 0.267 | Oversample: 0.77x
[coverage] Game 2700 | unique_states_cumulative: 6683/10000 (66.8%) | last100_unique: 1135
Game 2800 | Score: 1 | Record: 8 | Mean Score: 0.34 | Epsilon: 0.45 | Intrinsic: 0.000 | BufTerm: 0.342 | SampTerm: 0.279 | Oversample: 0.82x
[coverage] Game 2800 | unique_states_cumulative: 6900/10000 (69.0%) | last100_unique: 1374
Game 2900 | Score: 3 | Record: 9 | Mean Score: 0.37 | Epsilon: 0.43 | Intrinsic: 0.000 | BufTerm: 0.336 | SampTerm: 0.273 | Oversample: 0.81x
[coverage] Game 2900 | unique_states_cumulative: 7129/10000 (71.3%) | last100_unique: 1543
Game 3000 | Score: 0 | Record: 9 | Mean Score: 0.40 | Epsilon: 0.41 | Intrinsic: 0.000 | BufTerm: 0.331 | SampTerm: 0.287 | Oversample: 0.86x
[coverage] Game 3000 | unique_states_cumulative: 7325/10000 (73.2%) | last100_unique: 1444
Game 3100 | Score: 2 | Record: 9 | Mean Score: 0.42 | Epsilon: 0.39 | Intrinsic: 0.000 | BufTerm: 0.330 | SampTerm: 0.276 | Oversample: 0.84x
[coverage] Game 3100 | unique_states_cumulative: 7453/10000 (74.5%) | last100_unique: 1277
Game 3200 | Score: 0 | Record: 9 | Mean Score: 0.45 | Epsilon: 0.37 | Intrinsic: 0.000 | BufTerm: 0.326 | SampTerm: 0.313 | Oversample: 0.96x
[coverage] Game 3200 | unique_states_cumulative: 7584/10000 (75.8%) | last100_unique: 1472
Game 3300 | Score: 1 | Record: 12 | Mean Score: 0.48 | Epsilon: 0.35 | Intrinsic: 0.000 | BufTerm: 0.324 | SampTerm: 0.276 | Oversample: 0.85x
[coverage] Game 3300 | unique_states_cumulative: 7688/10000 (76.9%) | last100_unique: 1302
Game 3400 | Score: 0 | Record: 12 | Mean Score: 0.51 | Epsilon: 0.33 | Intrinsic: 0.000 | BufTerm: 0.320 | SampTerm: 0.277 | Oversample: 0.87x
[coverage] Game 3400 | unique_states_cumulative: 7838/10000 (78.4%) | last100_unique: 1485
Game 3500 | Score: 0 | Record: 12 | Mean Score: 0.54 | Epsilon: 0.31 | Intrinsic: 0.000 | BufTerm: 0.315 | SampTerm: 0.313 | Oversample: 1.00x
[coverage] Game 3500 | unique_states_cumulative: 7996/10000 (80.0%) | last100_unique: 1692
Game 3600 | Score: 0 | Record: 12 | Mean Score: 0.57 | Epsilon: 0.29 | Intrinsic: 0.000 | BufTerm: 0.313 | SampTerm: 0.297 | Oversample: 0.95x
[coverage] Game 3600 | unique_states_cumulative: 8067/10000 (80.7%) | last100_unique: 1389
Game 3700 | Score: 0 | Record: 15 | Mean Score: 0.60 | Epsilon: 0.27 | Intrinsic: 0.000 | BufTerm: 0.309 | SampTerm: 0.303 | Oversample: 0.98x
[coverage] Game 3700 | unique_states_cumulative: 8189/10000 (81.9%) | last100_unique: 1677
Game 3800 | Score: 5 | Record: 15 | Mean Score: 0.63 | Epsilon: 0.26 | Intrinsic: 0.000 | BufTerm: 0.307 | SampTerm: 0.300 | Oversample: 0.98x
[coverage] Game 3800 | unique_states_cumulative: 8274/10000 (82.7%) | last100_unique: 1528
Game 3900 | Score: 0 | Record: 15 | Mean Score: 0.66 | Epsilon: 0.24 | Intrinsic: 0.000 | BufTerm: 0.303 | SampTerm: 0.303 | Oversample: 1.00x
[coverage] Game 3900 | unique_states_cumulative: 8364/10000 (83.6%) | last100_unique: 1699
Game 4000 | Score: 9 | Record: 15 | Mean Score: 0.71 | Epsilon: 0.22 | Intrinsic: 0.000 | BufTerm: 0.297 | SampTerm: 0.307 | Oversample: 1.03x
[coverage] Game 4000 | unique_states_cumulative: 8461/10000 (84.6%) | last100_unique: 2007
Game 4100 | Score: 12 | Record: 15 | Mean Score: 0.77 | Epsilon: 0.20 | Intrinsic: 0.000 | BufTerm: 0.290 | SampTerm: 0.288 | Oversample: 0.99x
[coverage] Game 4100 | unique_states_cumulative: 8615/10000 (86.2%) | last100_unique: 2386
Game 4200 | Score: 0 | Record: 15 | Mean Score: 0.80 | Epsilon: 0.18 | Intrinsic: 0.000 | BufTerm: 0.287 | SampTerm: 0.255 | Oversample: 0.89x
[coverage] Game 4200 | unique_states_cumulative: 8701/10000 (87.0%) | last100_unique: 1873
Game 4300 | Score: 0 | Record: 18 | Mean Score: 0.85 | Epsilon: 0.16 | Intrinsic: 0.000 | BufTerm: 0.282 | SampTerm: 0.291 | Oversample: 1.03x
[coverage] Game 4300 | unique_states_cumulative: 8797/10000 (88.0%) | last100_unique: 2082
Game 4400 | Score: 5 | Record: 27 | Mean Score: 0.92 | Epsilon: 0.14 | Intrinsic: 0.000 | BufTerm: 0.276 | SampTerm: 0.287 | Oversample: 1.04x
[coverage] Game 4400 | unique_states_cumulative: 8909/10000 (89.1%) | last100_unique: 2471
Game 4500 | Score: 0 | Record: 27 | Mean Score: 0.98 | Epsilon: 0.12 | Intrinsic: 0.000 | BufTerm: 0.271 | SampTerm: 0.268 | Oversample: 0.99x
[coverage] Game 4500 | unique_states_cumulative: 9004/10000 (90.0%) | last100_unique: 2331
Game 4600 | Score: 0 | Record: 27 | Mean Score: 1.03 | Epsilon: 0.10 | Intrinsic: 0.000 | BufTerm: 0.266 | SampTerm: 0.255 | Oversample: 0.96x
[coverage] Game 4600 | unique_states_cumulative: 9076/10000 (90.8%) | last100_unique: 2326
Game 4700 | Score: 0 | Record: 27 | Mean Score: 1.12 | Epsilon: 0.08 | Intrinsic: 0.000 | BufTerm: 0.258 | SampTerm: 0.249 | Oversample: 0.97x
[coverage] Game 4700 | unique_states_cumulative: 9170/10000 (91.7%) | last100_unique: 3013
Game 4800 | Score: 10 | Record: 27 | Mean Score: 1.20 | Epsilon: 0.06 | Intrinsic: 0.000 | BufTerm: 0.252 | SampTerm: 0.233 | Oversample: 0.93x
[coverage] Game 4800 | unique_states_cumulative: 9228/10000 (92.3%) | last100_unique: 2702
Game 4900 | Score: 14 | Record: 27 | Mean Score: 1.27 | Epsilon: 0.04 | Intrinsic: 0.000 | BufTerm: 0.246 | SampTerm: 0.252 | Oversample: 1.02x
[coverage] Game 4900 | unique_states_cumulative: 9312/10000 (93.1%) | last100_unique: 2940
Game 5000 | Score: 12 | Record: 30 | Mean Score: 1.39 | Epsilon: 0.02 | Intrinsic: 0.000 | BufTerm: 0.230 | SampTerm: 0.237 | Oversample: 1.03x
[coverage] Game 5000 | unique_states_cumulative: 9420/10000 (94.2%) | last100_unique: 3839
Game 5100 | Score: 0 | Record: 34 | Mean Score: 1.54 | Epsilon: 0.02 | Intrinsic: 0.000 | BufTerm: 0.208 | SampTerm: 0.253 | Oversample: 1.22x
[coverage] Game 5100 | unique_states_cumulative: 9501/10000 (95.0%) | last100_unique: 4210
Game 5200 | Score: 18 | Record: 34 | Mean Score: 1.67 | Epsilon: 0.02 | Intrinsic: 0.000 | BufTerm: 0.186 | SampTerm: 0.215 | Oversample: 1.16x
[coverage] Game 5200 | unique_states_cumulative: 9589/10000 (95.9%) | last100_unique: 4346
Game 5300 | Score: 20 | Record: 34 | Mean Score: 1.82 | Epsilon: 0.02 | Intrinsic: 0.000 | BufTerm: 0.163 | SampTerm: 0.185 | Oversample: 1.14x
[coverage] Game 5300 | unique_states_cumulative: 9656/10000 (96.6%) | last100_unique: 4455
Game 5400 | Score: 15 | Record: 34 | Mean Score: 1.92 | Epsilon: 0.02 | Intrinsic: 0.000 | BufTerm: 0.148 | SampTerm: 0.183 | Oversample: 1.23x
[coverage] Game 5400 | unique_states_cumulative: 9681/10000 (96.8%) | last100_unique: 3833
Game 5500 | Score: 19 | Record: 34 | Mean Score: 2.01 | Epsilon: 0.02 | Intrinsic: 0.000 | BufTerm: 0.136 | SampTerm: 0.157 | Oversample: 1.15x
[coverage] Game 5500 | unique_states_cumulative: 9719/10000 (97.2%) | last100_unique: 3461
Game 5600 | Score: 22 | Record: 34 | Mean Score: 2.13 | Epsilon: 0.02 | Intrinsic: 0.000 | BufTerm: 0.122 | SampTerm: 0.159 | Oversample: 1.30x
[coverage] Game 5600 | unique_states_cumulative: 9746/10000 (97.5%) | last100_unique: 4427
Game 5700 | Score: 23 | Record: 34 | Mean Score: 2.27 | Epsilon: 0.02 | Intrinsic: 0.000 | BufTerm: 0.107 | SampTerm: 0.132 | Oversample: 1.23x
[coverage] Game 5700 | unique_states_cumulative: 9773/10000 (97.7%) | last100_unique: 4577
Game 5800 | Score: 0 | Record: 34 | Mean Score: 2.37 | Epsilon: 0.02 | Intrinsic: 0.000 | BufTerm: 0.096 | SampTerm: 0.129 | Oversample: 1.35x
[coverage] Game 5800 | unique_states_cumulative: 9784/10000 (97.8%) | last100_unique: 4064
Game 5900 | Score: 6 | Record: 34 | Mean Score: 2.47 | Epsilon: 0.02 | Intrinsic: 0.000 | BufTerm: 0.090 | SampTerm: 0.103 | Oversample: 1.14x
[coverage] Game 5900 | unique_states_cumulative: 9800/10000 (98.0%) | last100_unique: 4034
Game 6000 | Score: 0 | Record: 34 | Mean Score: 2.58 | Epsilon: 0.02 | Intrinsic: 0.000 | BufTerm: 0.082 | SampTerm: 0.124 | Oversample: 1.52x
[coverage] Game 6000 | unique_states_cumulative: 9826/10000 (98.3%) | last100_unique: 4419
Game 6100 | Score: 0 | Record: 35 | Mean Score: 2.69 | Epsilon: 0.02 | Intrinsic: 0.000 | BufTerm: 0.075 | SampTerm: 0.101 | Oversample: 1.36x
[coverage] Game 6100 | unique_states_cumulative: 9837/10000 (98.4%) | last100_unique: 4600
Game 6200 | Score: 22 | Record: 35 | Mean Score: 2.82 | Epsilon: 0.02 | Intrinsic: 0.000 | BufTerm: 0.069 | SampTerm: 0.075 | Oversample: 1.08x
[coverage] Game 6200 | unique_states_cumulative: 9848/10000 (98.5%) | last100_unique: 4863
Game 6300 | Score: 16 | Record: 36 | Mean Score: 2.92 | Epsilon: 0.02 | Intrinsic: 0.000 | BufTerm: 0.066 | SampTerm: 0.093 | Oversample: 1.41x
[coverage] Game 6300 | unique_states_cumulative: 9854/10000 (98.5%) | last100_unique: 4731
Game 6400 | Score: 16 | Record: 39 | Mean Score: 3.05 | Epsilon: 0.02 | Intrinsic: 0.000 | BufTerm: 0.065 | SampTerm: 0.072 | Oversample: 1.11x
[coverage] Game 6400 | unique_states_cumulative: 9863/10000 (98.6%) | last100_unique: 4946
Game 6500 | Score: 11 | Record: 39 | Mean Score: 3.17 | Epsilon: 0.02 | Intrinsic: 0.000 | BufTerm: 0.064 | SampTerm: 0.081 | Oversample: 1.27x
[coverage] Game 6500 | unique_states_cumulative: 9876/10000 (98.8%) | last100_unique: 4913
Game 6600 | Score: 0 | Record: 39 | Mean Score: 3.27 | Epsilon: 0.02 | Intrinsic: 0.000 | BufTerm: 0.063 | SampTerm: 0.072 | Oversample: 1.13x
[coverage] Game 6600 | unique_states_cumulative: 9881/10000 (98.8%) | last100_unique: 4563
Game 6700 | Score: 0 | Record: 39 | Mean Score: 3.35 | Epsilon: 0.02 | Intrinsic: 0.000 | BufTerm: 0.062 | SampTerm: 0.076 | Oversample: 1.23x
[coverage] Game 6700 | unique_states_cumulative: 9885/10000 (98.8%) | last100_unique: 4310
Game 6800 | Score: 11 | Record: 39 | Mean Score: 3.44 | Epsilon: 0.02 | Intrinsic: 0.000 | BufTerm: 0.061 | SampTerm: 0.088 | Oversample: 1.45x
[coverage] Game 6800 | unique_states_cumulative: 9885/10000 (98.8%) | last100_unique: 4753
Game 6900 | Score: 0 | Record: 42 | Mean Score: 3.55 | Epsilon: 0.02 | Intrinsic: 0.000 | BufTerm: 0.060 | SampTerm: 0.072 | Oversample: 1.20x
[coverage] Game 6900 | unique_states_cumulative: 9887/10000 (98.9%) | last100_unique: 4926
Game 7000 | Score: 0 | Record: 42 | Mean Score: 3.62 | Epsilon: 0.02 | Intrinsic: 0.000 | BufTerm: 0.060 | SampTerm: 0.073 | Oversample: 1.22x
[coverage] Game 7000 | unique_states_cumulative: 9890/10000 (98.9%) | last100_unique: 4396
Game 7100 | Score: 0 | Record: 42 | Mean Score: 3.69 | Epsilon: 0.02 | Intrinsic: 0.000 | BufTerm: 0.060 | SampTerm: 0.068 | Oversample: 1.14x
[coverage] Game 7100 | unique_states_cumulative: 9892/10000 (98.9%) | last100_unique: 4045
Game 7200 | Score: 0 | Record: 42 | Mean Score: 3.78 | Epsilon: 0.02 | Intrinsic: 0.000 | BufTerm: 0.059 | SampTerm: 0.073 | Oversample: 1.23x
[coverage] Game 7200 | unique_states_cumulative: 9894/10000 (98.9%) | last100_unique: 4863
Game 7300 | Score: 0 | Record: 42 | Mean Score: 3.85 | Epsilon: 0.02 | Intrinsic: 0.000 | BufTerm: 0.059 | SampTerm: 0.071 | Oversample: 1.20x
[coverage] Game 7300 | unique_states_cumulative: 9895/10000 (99.0%) | last100_unique: 4471
Game 7400 | Score: 30 | Record: 42 | Mean Score: 3.94 | Epsilon: 0.02 | Intrinsic: 0.000 | BufTerm: 0.059 | SampTerm: 0.063 | Oversample: 1.06x
[coverage] Game 7400 | unique_states_cumulative: 9896/10000 (99.0%) | last100_unique: 5314
Game 7500 | Score: 0 | Record: 42 | Mean Score: 4.00 | Epsilon: 0.02 | Intrinsic: 0.000 | BufTerm: 0.060 | SampTerm: 0.087 | Oversample: 1.45x
[coverage] Game 7500 | unique_states_cumulative: 9897/10000 (99.0%) | last100_unique: 4269
Game 7600 | Score: 0 | Record: 42 | Mean Score: 4.07 | Epsilon: 0.02 | Intrinsic: 0.000 | BufTerm: 0.060 | SampTerm: 0.079 | Oversample: 1.31x
[coverage] Game 7600 | unique_states_cumulative: 9897/10000 (99.0%) | last100_unique: 4629
Game 7700 | Score: 0 | Record: 42 | Mean Score: 4.12 | Epsilon: 0.02 | Intrinsic: 0.000 | BufTerm: 0.062 | SampTerm: 0.067 | Oversample: 1.08x
[coverage] Game 7700 | unique_states_cumulative: 9897/10000 (99.0%) | last100_unique: 4153
Game 7800 | Score: 0 | Record: 42 | Mean Score: 4.18 | Epsilon: 0.02 | Intrinsic: 0.000 | BufTerm: 0.062 | SampTerm: 0.075 | Oversample: 1.21x
[coverage] Game 7800 | unique_states_cumulative: 9897/10000 (99.0%) | last100_unique: 4386
Game 7900 | Score: 11 | Record: 42 | Mean Score: 4.25 | Epsilon: 0.02 | Intrinsic: 0.000 | BufTerm: 0.061 | SampTerm: 0.079 | Oversample: 1.28x
[coverage] Game 7900 | unique_states_cumulative: 9898/10000 (99.0%) | last100_unique: 4797
Game 8000 | Score: 27 | Record: 42 | Mean Score: 4.32 | Epsilon: 0.02 | Intrinsic: 0.000 | BufTerm: 0.061 | SampTerm: 0.060 | Oversample: 0.98x
[coverage] Game 8000 | unique_states_cumulative: 9898/10000 (99.0%) | last100_unique: 4818
Game 8100 | Score: 28 | Record: 42 | Mean Score: 4.40 | Epsilon: 0.02 | Intrinsic: 0.000 | BufTerm: 0.061 | SampTerm: 0.073 | Oversample: 1.19x
[coverage] Game 8100 | unique_states_cumulative: 9898/10000 (99.0%) | last100_unique: 4965
Game 8200 | Score: 29 | Record: 44 | Mean Score: 4.48 | Epsilon: 0.02 | Intrinsic: 0.000 | BufTerm: 0.060 | SampTerm: 0.072 | Oversample: 1.20x
[coverage] Game 8200 | unique_states_cumulative: 9898/10000 (99.0%) | last100_unique: 5132
Game 8300 | Score: 0 | Record: 44 | Mean Score: 4.54 | Epsilon: 0.02 | Intrinsic: 0.000 | BufTerm: 0.060 | SampTerm: 0.081 | Oversample: 1.37x
[coverage] Game 8300 | unique_states_cumulative: 9899/10000 (99.0%) | last100_unique: 4406
Game 8400 | Score: 0 | Record: 44 | Mean Score: 4.61 | Epsilon: 0.02 | Intrinsic: 0.000 | BufTerm: 0.059 | SampTerm: 0.071 | Oversample: 1.19x
[coverage] Game 8400 | unique_states_cumulative: 9899/10000 (99.0%) | last100_unique: 5019
Game 8500 | Score: 27 | Record: 44 | Mean Score: 4.68 | Epsilon: 0.02 | Intrinsic: 0.000 | BufTerm: 0.058 | SampTerm: 0.080 | Oversample: 1.37x
[coverage] Game 8500 | unique_states_cumulative: 9899/10000 (99.0%) | last100_unique: 5095
Game 8600 | Score: 0 | Record: 44 | Mean Score: 4.71 | Epsilon: 0.02 | Intrinsic: 0.000 | BufTerm: 0.061 | SampTerm: 0.085 | Oversample: 1.40x
[coverage] Game 8600 | unique_states_cumulative: 9899/10000 (99.0%) | last100_unique: 3648
Game 8700 | Score: 26 | Record: 44 | Mean Score: 4.76 | Epsilon: 0.02 | Intrinsic: 0.000 | BufTerm: 0.060 | SampTerm: 0.049 | Oversample: 0.82x
[coverage] Game 8700 | unique_states_cumulative: 9900/10000 (99.0%) | last100_unique: 4678
[Game 8750] Final LR cooldown applied → 1e-5
Game 8800 | Score: 32 | Record: 44 | Mean Score: 4.82 | Epsilon: 0.02 | Intrinsic: 0.000 | BufTerm: 0.060 | SampTerm: 0.073 | Oversample: 1.21x
[coverage] Game 8800 | unique_states_cumulative: 9900/10000 (99.0%) | last100_unique: 4455
Game 8900 | Score: 0 | Record: 44 | Mean Score: 4.86 | Epsilon: 0.02 | Intrinsic: 0.000 | BufTerm: 0.060 | SampTerm: 0.089 | Oversample: 1.50x
[coverage] Game 8900 | unique_states_cumulative: 9900/10000 (99.0%) | last100_unique: 4543
Game 9000 | Score: 0 | Record: 44 | Mean Score: 4.91 | Epsilon: 0.02 | Intrinsic: 0.000 | BufTerm: 0.059 | SampTerm: 0.075 | Oversample: 1.26x
[coverage] Game 9000 | unique_states_cumulative: 9900/10000 (99.0%) | last100_unique: 4436
Game 9100 | Score: 0 | Record: 44 | Mean Score: 4.96 | Epsilon: 0.02 | Intrinsic: 0.000 | BufTerm: 0.060 | SampTerm: 0.077 | Oversample: 1.29x
[coverage] Game 9100 | unique_states_cumulative: 9900/10000 (99.0%) | last100_unique: 4582
Game 9200 | Score: 0 | Record: 44 | Mean Score: 5.01 | Epsilon: 0.02 | Intrinsic: 0.000 | BufTerm: 0.060 | SampTerm: 0.075 | Oversample: 1.25x
[coverage] Game 9200 | unique_states_cumulative: 9900/10000 (99.0%) | last100_unique: 4784
Game 9300 | Score: 0 | Record: 44 | Mean Score: 5.06 | Epsilon: 0.02 | Intrinsic: 0.000 | BufTerm: 0.060 | SampTerm: 0.087 | Oversample: 1.44x
[coverage] Game 9300 | unique_states_cumulative: 9900/10000 (99.0%) | last100_unique: 4759
Game 9400 | Score: 17 | Record: 44 | Mean Score: 5.12 | Epsilon: 0.02 | Intrinsic: 0.000 | BufTerm: 0.060 | SampTerm: 0.072 | Oversample: 1.19x
[coverage] Game 9400 | unique_states_cumulative: 9900/10000 (99.0%) | last100_unique: 4874
Game 9500 | Score: 22 | Record: 44 | Mean Score: 5.16 | Epsilon: 0.02 | Intrinsic: 0.000 | BufTerm: 0.061 | SampTerm: 0.077 | Oversample: 1.28x
[coverage] Game 9500 | unique_states_cumulative: 9900/10000 (99.0%) | last100_unique: 4635
Game 9600 | Score: 0 | Record: 44 | Mean Score: 5.21 | Epsilon: 0.02 | Intrinsic: 0.000 | BufTerm: 0.061 | SampTerm: 0.069 | Oversample: 1.13x
[coverage] Game 9600 | unique_states_cumulative: 9900/10000 (99.0%) | last100_unique: 4550
Game 9700 | Score: 0 | Record: 44 | Mean Score: 5.27 | Epsilon: 0.02 | Intrinsic: 0.000 | BufTerm: 0.061 | SampTerm: 0.071 | Oversample: 1.16x
[coverage] Game 9700 | unique_states_cumulative: 9900/10000 (99.0%) | last100_unique: 4970
Game 9800 | Score: 34 | Record: 44 | Mean Score: 5.31 | Epsilon: 0.02 | Intrinsic: 0.000 | BufTerm: 0.060 | SampTerm: 0.063 | Oversample: 1.05x
[coverage] Game 9800 | unique_states_cumulative: 9900/10000 (99.0%) | last100_unique: 4713
Game 9900 | Score: 3 | Record: 44 | Mean Score: 5.35 | Epsilon: 0.02 | Intrinsic: 0.000 | BufTerm: 0.060 | SampTerm: 0.084 | Oversample: 1.40x
[coverage] Game 9900 | unique_states_cumulative: 9900/10000 (99.0%) | last100_unique: 4476
Game 10000 | Score: 35 | Record: 44 | Mean Score: 5.38 | Epsilon: 0.02 | Intrinsic: 0.000 | BufTerm: 0.060 | SampTerm: 0.072 | Oversample: 1.20x
[coverage] Game 10000 | unique_states_cumulative: 9900/10000 (99.0%) | last100_unique: 4296

Training Complete!
Best Score: 44
Final Mean Score: 5.38
wandb: updating run metadata
wandb: uploading wandb-summary.json; uploading config.yaml; uploading output.log
wandb: uploading output.log
wandb: uploading history steps 99-99, summary, console lines 200-205
wandb: 
wandb: Run history:
wandb:        Buf_Terminal_Frac ▇▇█████████▇▇▇▇▆▆▆▆▅▄▃▂▂▂▁▁▁▁▁▁▁▁▁▁▁▁▁▁▁
wandb:      Coverage_Cumulative ▁▂▂▃▃▄▄▅▅▅▅▅▆▆▆▆▇▇▇▇▇▇██████████████████
wandb: Coverage_Cumulative_Frac ▁▁▂▂▃▃▃▄▄▄▅▅▅▅▆▆▆▆▇▇▇███████████████████
wandb:       Coverage_Window100 ▁▁▁▁▁▁▂▂▂▂▂▂▂▃▄▄▅▄▅▇▇▅▇▇██▇█▆▇▇██▇█▇▇▇▇█
wandb:                  Epsilon █▇▇▆▆▅▅▅▅▄▄▄▃▃▃▃▂▂▁▁▁▁▁▁▁▁▁▁▁▁▁▁▁▁▁▁▁▁▁▁
wandb:                     Game ▁▁▁▁▁▂▂▂▂▃▃▃▃▃▃▄▄▄▄▄▅▅▅▅▅▅▅▆▆▆▆▆▆▇▇▇▇███
wandb:               Mean_Score ▁▁▁▁▁▁▁▁▁▁▁▁▁▁▁▁▂▂▂▂▃▄▄▄▄▅▅▆▆▆▇▇▇▇▇▇▇███
wandb:                   Record ▁▁▁▁▁▁▁▁▁▂▂▂▂▂▂▂▃▃▄▅▅▆▆▆▆▆▇▇▇███████████
wandb:     Sample_Terminal_Frac ▇▇▆▆█▇▇▇▇▇▇▇▇█▇▇▆▇▇▆▄▄▄▂▁▁▂▁▁▁▁▁▁▂▂▁▁▁▁▁
wandb:                    Score ▁▁▁▁▁▁▁▁▁▁▁▁▁▂▁▁▁▂▁▁▃▁▅▅▂▄▁▁▁▁▆▁▁▆▇▁▁▁▁█
wandb:                       +1 ...
wandb: 
wandb: Run summary:
wandb:        Buf_Terminal_Frac 0.0602
wandb:      Coverage_Cumulative 9900
wandb: Coverage_Cumulative_Frac 0.99
wandb:       Coverage_Window100 4296
wandb:                  Epsilon 0.02
wandb:                     Game 10000
wandb:               Mean_Score 5.385
wandb:                   Record 44
wandb:     Sample_Terminal_Frac 0.072
wandb:                    Score 35
wandb:                       +1 ...
wandb: 
wandb: 🚀 View run FeatureDQN_v2_10x10_dense_seed1 at: https://wandb.ai/saheb37/rl-snake/runs/2fzzsezo
wandb: ⭐️ View project at: https://wandb.ai/saheb37/rl-snake
wandb: Synced 5 W&B file(s), 0 media file(s), 0 artifact file(s) and 0 other file(s)
wandb: Find logs at: ./wandb/run-20260516_222820-2fzzsezo/logs
--- FeatureDQN_v2_10x10_dense_seed1 done ---
=== FeatureDQN_v2_10x10_dense_seed2 ===
/Users/saheb/home/rl-snake/.venv/lib/python3.9/site-packages/urllib3/__init__.py:35: NotOpenSSLWarning: urllib3 v2 only supports OpenSSL 1.1.1+, currently the 'ssl' module is compiled with 'LibreSSL 2.8.3'. See: https://github.com/urllib3/urllib3/issues/3020
  warnings.warn(
wandb: [wandb.login()] Loaded credentials for https://api.wandb.ai from /Users/saheb/.netrc.
wandb: Currently logged in as: saheb37 to https://api.wandb.ai. Use `wandb login --relogin` to force relogin
wandb: setting up run dt7qp7eq
wandb: Tracking run with wandb version 0.26.0
wandb: Run data is saved locally in /Users/saheb/home/rl-snake/wandb/run-20260517_001443-dt7qp7eq
wandb: Run `wandb offline` to turn off syncing.
wandb: Syncing run FeatureDQN_v2_10x10_dense_seed2
wandb: ⭐️ View project at https://wandb.ai/saheb37/rl-snake
wandb: 🚀 View run at https://wandb.ai/saheb37/rl-snake/runs/dt7qp7eq
Starting Baseline DQN Training (Dueling + 3-Step) on 10x10 Board...
Game 100 | Score: 2 | Record: 2 | Mean Score: 0.14 | Epsilon: 0.98 | Intrinsic: 0.000 | BufTerm: 0.331 | SampTerm: 0.397 | Oversample: 1.20x
[coverage] Game 100 | unique_states_cumulative: 877/10000 (8.8%) | last100_unique: 877
Game 200 | Score: 0 | Record: 2 | Mean Score: 0.12 | Epsilon: 0.96 | Intrinsic: 0.000 | BufTerm: 0.329 | SampTerm: 0.289 | Oversample: 0.88x
[coverage] Game 200 | unique_states_cumulative: 1568/10000 (15.7%) | last100_unique: 874
Game 300 | Score: 0 | Record: 2 | Mean Score: 0.13 | Epsilon: 0.94 | Intrinsic: 0.000 | BufTerm: 0.327 | SampTerm: 0.307 | Oversample: 0.94x
[coverage] Game 300 | unique_states_cumulative: 2129/10000 (21.3%) | last100_unique: 880
Game 400 | Score: 0 | Record: 2 | Mean Score: 0.11 | Epsilon: 0.92 | Intrinsic: 0.000 | BufTerm: 0.335 | SampTerm: 0.268 | Oversample: 0.80x
[coverage] Game 400 | unique_states_cumulative: 2505/10000 (25.1%) | last100_unique: 804
Game 500 | Score: 0 | Record: 2 | Mean Score: 0.11 | Epsilon: 0.90 | Intrinsic: 0.000 | BufTerm: 0.340 | SampTerm: 0.267 | Oversample: 0.78x
[coverage] Game 500 | unique_states_cumulative: 2777/10000 (27.8%) | last100_unique: 807
Game 600 | Score: 0 | Record: 5 | Mean Score: 0.12 | Epsilon: 0.88 | Intrinsic: 0.000 | BufTerm: 0.343 | SampTerm: 0.256 | Oversample: 0.75x
[coverage] Game 600 | unique_states_cumulative: 3102/10000 (31.0%) | last100_unique: 888
Game 700 | Score: 0 | Record: 5 | Mean Score: 0.12 | Epsilon: 0.86 | Intrinsic: 0.000 | BufTerm: 0.343 | SampTerm: 0.277 | Oversample: 0.81x
[coverage] Game 700 | unique_states_cumulative: 3339/10000 (33.4%) | last100_unique: 871
Game 800 | Score: 0 | Record: 5 | Mean Score: 0.12 | Epsilon: 0.84 | Intrinsic: 0.000 | BufTerm: 0.349 | SampTerm: 0.297 | Oversample: 0.85x
[coverage] Game 800 | unique_states_cumulative: 3474/10000 (34.7%) | last100_unique: 781
Game 900 | Score: 0 | Record: 5 | Mean Score: 0.13 | Epsilon: 0.82 | Intrinsic: 0.000 | BufTerm: 0.348 | SampTerm: 0.276 | Oversample: 0.79x
[coverage] Game 900 | unique_states_cumulative: 3703/10000 (37.0%) | last100_unique: 893
Game 1000 | Score: 0 | Record: 5 | Mean Score: 0.13 | Epsilon: 0.80 | Intrinsic: 0.000 | BufTerm: 0.351 | SampTerm: 0.299 | Oversample: 0.85x
[coverage] Game 1000 | unique_states_cumulative: 3838/10000 (38.4%) | last100_unique: 787
Game 1100 | Score: 0 | Record: 5 | Mean Score: 0.14 | Epsilon: 0.78 | Intrinsic: 0.000 | BufTerm: 0.353 | SampTerm: 0.291 | Oversample: 0.82x
[coverage] Game 1100 | unique_states_cumulative: 3971/10000 (39.7%) | last100_unique: 855
Game 1200 | Score: 0 | Record: 5 | Mean Score: 0.15 | Epsilon: 0.76 | Intrinsic: 0.000 | BufTerm: 0.354 | SampTerm: 0.287 | Oversample: 0.81x
[coverage] Game 1200 | unique_states_cumulative: 4131/10000 (41.3%) | last100_unique: 900
Game 1300 | Score: 0 | Record: 5 | Mean Score: 0.15 | Epsilon: 0.75 | Intrinsic: 0.000 | BufTerm: 0.356 | SampTerm: 0.304 | Oversample: 0.85x
[coverage] Game 1300 | unique_states_cumulative: 4239/10000 (42.4%) | last100_unique: 812
Game 1400 | Score: 0 | Record: 5 | Mean Score: 0.16 | Epsilon: 0.73 | Intrinsic: 0.000 | BufTerm: 0.356 | SampTerm: 0.292 | Oversample: 0.82x
[coverage] Game 1400 | unique_states_cumulative: 4381/10000 (43.8%) | last100_unique: 853
Game 1500 | Score: 0 | Record: 5 | Mean Score: 0.16 | Epsilon: 0.71 | Intrinsic: 0.000 | BufTerm: 0.357 | SampTerm: 0.268 | Oversample: 0.75x
[coverage] Game 1500 | unique_states_cumulative: 4546/10000 (45.5%) | last100_unique: 876
Game 1600 | Score: 1 | Record: 5 | Mean Score: 0.16 | Epsilon: 0.69 | Intrinsic: 0.000 | BufTerm: 0.361 | SampTerm: 0.264 | Oversample: 0.73x
[coverage] Game 1600 | unique_states_cumulative: 4601/10000 (46.0%) | last100_unique: 713
Game 1700 | Score: 0 | Record: 5 | Mean Score: 0.17 | Epsilon: 0.67 | Intrinsic: 0.000 | BufTerm: 0.362 | SampTerm: 0.311 | Oversample: 0.86x
[coverage] Game 1700 | unique_states_cumulative: 4753/10000 (47.5%) | last100_unique: 866
Game 1800 | Score: 0 | Record: 5 | Mean Score: 0.18 | Epsilon: 0.65 | Intrinsic: 0.000 | BufTerm: 0.362 | SampTerm: 0.305 | Oversample: 0.84x
[coverage] Game 1800 | unique_states_cumulative: 4886/10000 (48.9%) | last100_unique: 873
Game 1900 | Score: 0 | Record: 5 | Mean Score: 0.19 | Epsilon: 0.63 | Intrinsic: 0.000 | BufTerm: 0.361 | SampTerm: 0.303 | Oversample: 0.84x
[coverage] Game 1900 | unique_states_cumulative: 5049/10000 (50.5%) | last100_unique: 958
Game 2000 | Score: 0 | Record: 5 | Mean Score: 0.22 | Epsilon: 0.61 | Intrinsic: 0.000 | BufTerm: 0.358 | SampTerm: 0.273 | Oversample: 0.76x
[coverage] Game 2000 | unique_states_cumulative: 5285/10000 (52.9%) | last100_unique: 1087
Game 2100 | Score: 1 | Record: 5 | Mean Score: 0.23 | Epsilon: 0.59 | Intrinsic: 0.000 | BufTerm: 0.358 | SampTerm: 0.283 | Oversample: 0.79x
[coverage] Game 2100 | unique_states_cumulative: 5463/10000 (54.6%) | last100_unique: 908
Game 2200 | Score: 0 | Record: 7 | Mean Score: 0.25 | Epsilon: 0.57 | Intrinsic: 0.000 | BufTerm: 0.355 | SampTerm: 0.284 | Oversample: 0.80x
[coverage] Game 2200 | unique_states_cumulative: 5665/10000 (56.6%) | last100_unique: 1151
Game 2300 | Score: 0 | Record: 7 | Mean Score: 0.27 | Epsilon: 0.55 | Intrinsic: 0.000 | BufTerm: 0.353 | SampTerm: 0.307 | Oversample: 0.87x
[coverage] Game 2300 | unique_states_cumulative: 5844/10000 (58.4%) | last100_unique: 1018
Game 2400 | Score: 0 | Record: 7 | Mean Score: 0.29 | Epsilon: 0.53 | Intrinsic: 0.000 | BufTerm: 0.350 | SampTerm: 0.295 | Oversample: 0.84x
[coverage] Game 2400 | unique_states_cumulative: 6053/10000 (60.5%) | last100_unique: 1153
Game 2500 | Score: 6 | Record: 7 | Mean Score: 0.30 | Epsilon: 0.51 | Intrinsic: 0.000 | BufTerm: 0.347 | SampTerm: 0.317 | Oversample: 0.91x
[coverage] Game 2500 | unique_states_cumulative: 6238/10000 (62.4%) | last100_unique: 1112
Game 2600 | Score: 2 | Record: 7 | Mean Score: 0.32 | Epsilon: 0.49 | Intrinsic: 0.000 | BufTerm: 0.344 | SampTerm: 0.285 | Oversample: 0.83x
[coverage] Game 2600 | unique_states_cumulative: 6427/10000 (64.3%) | last100_unique: 1200
Game 2700 | Score: 1 | Record: 7 | Mean Score: 0.33 | Epsilon: 0.47 | Intrinsic: 0.000 | BufTerm: 0.344 | SampTerm: 0.288 | Oversample: 0.84x
[coverage] Game 2700 | unique_states_cumulative: 6519/10000 (65.2%) | last100_unique: 1044
Game 2800 | Score: 0 | Record: 7 | Mean Score: 0.36 | Epsilon: 0.45 | Intrinsic: 0.000 | BufTerm: 0.339 | SampTerm: 0.291 | Oversample: 0.86x
[coverage] Game 2800 | unique_states_cumulative: 6737/10000 (67.4%) | last100_unique: 1412
Game 2900 | Score: 1 | Record: 8 | Mean Score: 0.39 | Epsilon: 0.43 | Intrinsic: 0.000 | BufTerm: 0.335 | SampTerm: 0.273 | Oversample: 0.82x
[coverage] Game 2900 | unique_states_cumulative: 6949/10000 (69.5%) | last100_unique: 1413
Game 3000 | Score: 0 | Record: 9 | Mean Score: 0.42 | Epsilon: 0.41 | Intrinsic: 0.000 | BufTerm: 0.329 | SampTerm: 0.299 | Oversample: 0.91x
[coverage] Game 3000 | unique_states_cumulative: 7145/10000 (71.5%) | last100_unique: 1576
Game 3100 | Score: 8 | Record: 9 | Mean Score: 0.45 | Epsilon: 0.39 | Intrinsic: 0.000 | BufTerm: 0.325 | SampTerm: 0.268 | Oversample: 0.82x
[coverage] Game 3100 | unique_states_cumulative: 7306/10000 (73.1%) | last100_unique: 1430
Game 3200 | Score: 0 | Record: 9 | Mean Score: 0.48 | Epsilon: 0.37 | Intrinsic: 0.000 | BufTerm: 0.321 | SampTerm: 0.287 | Oversample: 0.89x
[coverage] Game 3200 | unique_states_cumulative: 7421/10000 (74.2%) | last100_unique: 1482
Game 3300 | Score: 5 | Record: 9 | Mean Score: 0.51 | Epsilon: 0.35 | Intrinsic: 0.000 | BufTerm: 0.317 | SampTerm: 0.295 | Oversample: 0.93x
[coverage] Game 3300 | unique_states_cumulative: 7578/10000 (75.8%) | last100_unique: 1529
Game 3400 | Score: 4 | Record: 12 | Mean Score: 0.54 | Epsilon: 0.33 | Intrinsic: 0.000 | BufTerm: 0.315 | SampTerm: 0.263 | Oversample: 0.83x
[coverage] Game 3400 | unique_states_cumulative: 7687/10000 (76.9%) | last100_unique: 1438
Game 3500 | Score: 2 | Record: 12 | Mean Score: 0.56 | Epsilon: 0.31 | Intrinsic: 0.000 | BufTerm: 0.311 | SampTerm: 0.291 | Oversample: 0.93x
[coverage] Game 3500 | unique_states_cumulative: 7815/10000 (78.2%) | last100_unique: 1484
Game 3600 | Score: 3 | Record: 12 | Mean Score: 0.59 | Epsilon: 0.29 | Intrinsic: 0.000 | BufTerm: 0.309 | SampTerm: 0.317 | Oversample: 1.03x
[coverage] Game 3600 | unique_states_cumulative: 7906/10000 (79.1%) | last100_unique: 1485
Game 3700 | Score: 0 | Record: 12 | Mean Score: 0.62 | Epsilon: 0.27 | Intrinsic: 0.000 | BufTerm: 0.306 | SampTerm: 0.276 | Oversample: 0.90x
[coverage] Game 3700 | unique_states_cumulative: 8005/10000 (80.0%) | last100_unique: 1540
Game 3800 | Score: 0 | Record: 14 | Mean Score: 0.66 | Epsilon: 0.26 | Intrinsic: 0.000 | BufTerm: 0.302 | SampTerm: 0.273 | Oversample: 0.91x
[coverage] Game 3800 | unique_states_cumulative: 8124/10000 (81.2%) | last100_unique: 1772
Game 3900 | Score: 5 | Record: 14 | Mean Score: 0.69 | Epsilon: 0.24 | Intrinsic: 0.000 | BufTerm: 0.298 | SampTerm: 0.283 | Oversample: 0.95x
[coverage] Game 3900 | unique_states_cumulative: 8241/10000 (82.4%) | last100_unique: 1720
Game 4000 | Score: 0 | Record: 14 | Mean Score: 0.71 | Epsilon: 0.22 | Intrinsic: 0.000 | BufTerm: 0.296 | SampTerm: 0.260 | Oversample: 0.88x
[coverage] Game 4000 | unique_states_cumulative: 8330/10000 (83.3%) | last100_unique: 1607
Game 4100 | Score: 0 | Record: 16 | Mean Score: 0.77 | Epsilon: 0.20 | Intrinsic: 0.000 | BufTerm: 0.289 | SampTerm: 0.276 | Oversample: 0.95x
[coverage] Game 4100 | unique_states_cumulative: 8496/10000 (85.0%) | last100_unique: 2218
Game 4200 | Score: 0 | Record: 16 | Mean Score: 0.82 | Epsilon: 0.18 | Intrinsic: 0.000 | BufTerm: 0.284 | SampTerm: 0.259 | Oversample: 0.91x
[coverage] Game 4200 | unique_states_cumulative: 8608/10000 (86.1%) | last100_unique: 2154
Game 4300 | Score: 0 | Record: 18 | Mean Score: 0.88 | Epsilon: 0.16 | Intrinsic: 0.000 | BufTerm: 0.278 | SampTerm: 0.279 | Oversample: 1.00x
[coverage] Game 4300 | unique_states_cumulative: 8720/10000 (87.2%) | last100_unique: 2371
Game 4400 | Score: 4 | Record: 18 | Mean Score: 0.94 | Epsilon: 0.14 | Intrinsic: 0.000 | BufTerm: 0.273 | SampTerm: 0.271 | Oversample: 0.99x
[coverage] Game 4400 | unique_states_cumulative: 8852/10000 (88.5%) | last100_unique: 2439
Game 4500 | Score: 0 | Record: 21 | Mean Score: 0.98 | Epsilon: 0.12 | Intrinsic: 0.000 | BufTerm: 0.268 | SampTerm: 0.271 | Oversample: 1.01x
[coverage] Game 4500 | unique_states_cumulative: 8933/10000 (89.3%) | last100_unique: 2279
Game 4600 | Score: 0 | Record: 21 | Mean Score: 1.05 | Epsilon: 0.10 | Intrinsic: 0.000 | BufTerm: 0.262 | SampTerm: 0.255 | Oversample: 0.97x
[coverage] Game 4600 | unique_states_cumulative: 9059/10000 (90.6%) | last100_unique: 2679
Game 4700 | Score: 7 | Record: 21 | Mean Score: 1.10 | Epsilon: 0.08 | Intrinsic: 0.000 | BufTerm: 0.258 | SampTerm: 0.272 | Oversample: 1.05x
[coverage] Game 4700 | unique_states_cumulative: 9121/10000 (91.2%) | last100_unique: 2162
Game 4800 | Score: 0 | Record: 24 | Mean Score: 1.20 | Epsilon: 0.06 | Intrinsic: 0.000 | BufTerm: 0.249 | SampTerm: 0.269 | Oversample: 1.08x
[coverage] Game 4800 | unique_states_cumulative: 9254/10000 (92.5%) | last100_unique: 3318
Game 4900 | Score: 10 | Record: 24 | Mean Score: 1.29 | Epsilon: 0.04 | Intrinsic: 0.000 | BufTerm: 0.241 | SampTerm: 0.236 | Oversample: 0.98x
[coverage] Game 4900 | unique_states_cumulative: 9346/10000 (93.5%) | last100_unique: 3278
Game 5000 | Score: 11 | Record: 33 | Mean Score: 1.43 | Epsilon: 0.02 | Intrinsic: 0.000 | BufTerm: 0.221 | SampTerm: 0.281 | Oversample: 1.27x
[coverage] Game 5000 | unique_states_cumulative: 9462/10000 (94.6%) | last100_unique: 4093
Game 5100 | Score: 0 | Record: 34 | Mean Score: 1.57 | Epsilon: 0.02 | Intrinsic: 0.000 | BufTerm: 0.201 | SampTerm: 0.224 | Oversample: 1.11x
[coverage] Game 5100 | unique_states_cumulative: 9532/10000 (95.3%) | last100_unique: 3911
Game 5200 | Score: 27 | Record: 37 | Mean Score: 1.71 | Epsilon: 0.02 | Intrinsic: 0.000 | BufTerm: 0.177 | SampTerm: 0.197 | Oversample: 1.12x
[coverage] Game 5200 | unique_states_cumulative: 9615/10000 (96.2%) | last100_unique: 4369
Game 5300 | Score: 0 | Record: 38 | Mean Score: 1.82 | Epsilon: 0.02 | Intrinsic: 0.000 | BufTerm: 0.159 | SampTerm: 0.196 | Oversample: 1.23x
[coverage] Game 5300 | unique_states_cumulative: 9670/10000 (96.7%) | last100_unique: 4024
Game 5400 | Score: 0 | Record: 38 | Mean Score: 1.94 | Epsilon: 0.02 | Intrinsic: 0.000 | BufTerm: 0.143 | SampTerm: 0.160 | Oversample: 1.12x
[coverage] Game 5400 | unique_states_cumulative: 9713/10000 (97.1%) | last100_unique: 4192
Game 5500 | Score: 0 | Record: 38 | Mean Score: 2.10 | Epsilon: 0.02 | Intrinsic: 0.000 | BufTerm: 0.125 | SampTerm: 0.153 | Oversample: 1.23x
[coverage] Game 5500 | unique_states_cumulative: 9766/10000 (97.7%) | last100_unique: 4734
Game 5600 | Score: 23 | Record: 38 | Mean Score: 2.22 | Epsilon: 0.02 | Intrinsic: 0.000 | BufTerm: 0.112 | SampTerm: 0.141 | Oversample: 1.26x
[coverage] Game 5600 | unique_states_cumulative: 9793/10000 (97.9%) | last100_unique: 4495
Game 5700 | Score: 17 | Record: 38 | Mean Score: 2.34 | Epsilon: 0.02 | Intrinsic: 0.000 | BufTerm: 0.100 | SampTerm: 0.147 | Oversample: 1.47x
[coverage] Game 5700 | unique_states_cumulative: 9812/10000 (98.1%) | last100_unique: 4252
Game 5800 | Score: 0 | Record: 38 | Mean Score: 2.44 | Epsilon: 0.02 | Intrinsic: 0.000 | BufTerm: 0.089 | SampTerm: 0.115 | Oversample: 1.28x
[coverage] Game 5800 | unique_states_cumulative: 9832/10000 (98.3%) | last100_unique: 4352
Game 5900 | Score: 0 | Record: 38 | Mean Score: 2.58 | Epsilon: 0.02 | Intrinsic: 0.000 | BufTerm: 0.081 | SampTerm: 0.095 | Oversample: 1.18x
[coverage] Game 5900 | unique_states_cumulative: 9857/10000 (98.6%) | last100_unique: 4781
Game 6000 | Score: 37 | Record: 38 | Mean Score: 2.67 | Epsilon: 0.02 | Intrinsic: 0.000 | BufTerm: 0.075 | SampTerm: 0.080 | Oversample: 1.06x
[coverage] Game 6000 | unique_states_cumulative: 9862/10000 (98.6%) | last100_unique: 4017
Game 6100 | Score: 0 | Record: 40 | Mean Score: 2.77 | Epsilon: 0.02 | Intrinsic: 0.000 | BufTerm: 0.069 | SampTerm: 0.084 | Oversample: 1.21x
[coverage] Game 6100 | unique_states_cumulative: 9869/10000 (98.7%) | last100_unique: 4501
Game 6200 | Score: 35 | Record: 40 | Mean Score: 2.90 | Epsilon: 0.02 | Intrinsic: 0.000 | BufTerm: 0.065 | SampTerm: 0.073 | Oversample: 1.13x
[coverage] Game 6200 | unique_states_cumulative: 9875/10000 (98.8%) | last100_unique: 5046
Game 6300 | Score: 0 | Record: 40 | Mean Score: 2.99 | Epsilon: 0.02 | Intrinsic: 0.000 | BufTerm: 0.065 | SampTerm: 0.076 | Oversample: 1.17x
[coverage] Game 6300 | unique_states_cumulative: 9881/10000 (98.8%) | last100_unique: 4561
Game 6400 | Score: 34 | Record: 40 | Mean Score: 3.10 | Epsilon: 0.02 | Intrinsic: 0.000 | BufTerm: 0.064 | SampTerm: 0.085 | Oversample: 1.34x
[coverage] Game 6400 | unique_states_cumulative: 9886/10000 (98.9%) | last100_unique: 4792
Game 6500 | Score: 0 | Record: 40 | Mean Score: 3.17 | Epsilon: 0.02 | Intrinsic: 0.000 | BufTerm: 0.064 | SampTerm: 0.063 | Oversample: 0.98x
[coverage] Game 6500 | unique_states_cumulative: 9886/10000 (98.9%) | last100_unique: 4234
Game 6600 | Score: 27 | Record: 40 | Mean Score: 3.27 | Epsilon: 0.02 | Intrinsic: 0.000 | BufTerm: 0.063 | SampTerm: 0.071 | Oversample: 1.12x
[coverage] Game 6600 | unique_states_cumulative: 9889/10000 (98.9%) | last100_unique: 4606
Game 6700 | Score: 0 | Record: 40 | Mean Score: 3.38 | Epsilon: 0.02 | Intrinsic: 0.000 | BufTerm: 0.062 | SampTerm: 0.077 | Oversample: 1.25x
[coverage] Game 6700 | unique_states_cumulative: 9891/10000 (98.9%) | last100_unique: 4836
Game 6800 | Score: 4 | Record: 40 | Mean Score: 3.46 | Epsilon: 0.02 | Intrinsic: 0.000 | BufTerm: 0.063 | SampTerm: 0.079 | Oversample: 1.26x
[coverage] Game 6800 | unique_states_cumulative: 9893/10000 (98.9%) | last100_unique: 4459
Game 6900 | Score: 10 | Record: 40 | Mean Score: 3.55 | Epsilon: 0.02 | Intrinsic: 0.000 | BufTerm: 0.062 | SampTerm: 0.077 | Oversample: 1.25x
[coverage] Game 6900 | unique_states_cumulative: 9895/10000 (99.0%) | last100_unique: 4640
Game 7000 | Score: 0 | Record: 40 | Mean Score: 3.63 | Epsilon: 0.02 | Intrinsic: 0.000 | BufTerm: 0.061 | SampTerm: 0.068 | Oversample: 1.11x
[coverage] Game 7000 | unique_states_cumulative: 9895/10000 (99.0%) | last100_unique: 4529
Game 7100 | Score: 0 | Record: 41 | Mean Score: 3.74 | Epsilon: 0.02 | Intrinsic: 0.000 | BufTerm: 0.061 | SampTerm: 0.088 | Oversample: 1.44x
[coverage] Game 7100 | unique_states_cumulative: 9896/10000 (99.0%) | last100_unique: 5120
Game 7200 | Score: 15 | Record: 41 | Mean Score: 3.81 | Epsilon: 0.02 | Intrinsic: 0.000 | BufTerm: 0.060 | SampTerm: 0.080 | Oversample: 1.33x
[coverage] Game 7200 | unique_states_cumulative: 9898/10000 (99.0%) | last100_unique: 4619
Game 7300 | Score: 39 | Record: 41 | Mean Score: 3.90 | Epsilon: 0.02 | Intrinsic: 0.000 | BufTerm: 0.059 | SampTerm: 0.080 | Oversample: 1.35x
[coverage] Game 7300 | unique_states_cumulative: 9899/10000 (99.0%) | last100_unique: 4887
Game 7400 | Score: 0 | Record: 41 | Mean Score: 3.98 | Epsilon: 0.02 | Intrinsic: 0.000 | BufTerm: 0.060 | SampTerm: 0.059 | Oversample: 0.98x
[coverage] Game 7400 | unique_states_cumulative: 9899/10000 (99.0%) | last100_unique: 4617
Game 7500 | Score: 0 | Record: 41 | Mean Score: 4.05 | Epsilon: 0.02 | Intrinsic: 0.000 | BufTerm: 0.060 | SampTerm: 0.067 | Oversample: 1.10x
[coverage] Game 7500 | unique_states_cumulative: 9899/10000 (99.0%) | last100_unique: 4616
Game 7600 | Score: 0 | Record: 41 | Mean Score: 4.12 | Epsilon: 0.02 | Intrinsic: 0.000 | BufTerm: 0.060 | SampTerm: 0.083 | Oversample: 1.38x
[coverage] Game 7600 | unique_states_cumulative: 9899/10000 (99.0%) | last100_unique: 4662
Game 7700 | Score: 23 | Record: 41 | Mean Score: 4.19 | Epsilon: 0.02 | Intrinsic: 0.000 | BufTerm: 0.059 | SampTerm: 0.063 | Oversample: 1.05x
[coverage] Game 7700 | unique_states_cumulative: 9899/10000 (99.0%) | last100_unique: 4650
Game 7800 | Score: 0 | Record: 41 | Mean Score: 4.27 | Epsilon: 0.02 | Intrinsic: 0.000 | BufTerm: 0.059 | SampTerm: 0.076 | Oversample: 1.29x
[coverage] Game 7800 | unique_states_cumulative: 9900/10000 (99.0%) | last100_unique: 5092
Game 7900 | Score: 0 | Record: 41 | Mean Score: 4.33 | Epsilon: 0.02 | Intrinsic: 0.000 | BufTerm: 0.060 | SampTerm: 0.073 | Oversample: 1.23x
[coverage] Game 7900 | unique_states_cumulative: 9900/10000 (99.0%) | last100_unique: 4498
Game 8000 | Score: 33 | Record: 41 | Mean Score: 4.39 | Epsilon: 0.02 | Intrinsic: 0.000 | BufTerm: 0.059 | SampTerm: 0.060 | Oversample: 1.01x
[coverage] Game 8000 | unique_states_cumulative: 9900/10000 (99.0%) | last100_unique: 4824
Game 8100 | Score: 0 | Record: 41 | Mean Score: 4.44 | Epsilon: 0.02 | Intrinsic: 0.000 | BufTerm: 0.060 | SampTerm: 0.071 | Oversample: 1.18x
[coverage] Game 8100 | unique_states_cumulative: 9900/10000 (99.0%) | last100_unique: 4251
Game 8200 | Score: 21 | Record: 41 | Mean Score: 4.50 | Epsilon: 0.02 | Intrinsic: 0.000 | BufTerm: 0.059 | SampTerm: 0.093 | Oversample: 1.58x
[coverage] Game 8200 | unique_states_cumulative: 9900/10000 (99.0%) | last100_unique: 4672
Game 8300 | Score: 0 | Record: 41 | Mean Score: 4.57 | Epsilon: 0.02 | Intrinsic: 0.000 | BufTerm: 0.060 | SampTerm: 0.087 | Oversample: 1.45x
[coverage] Game 8300 | unique_states_cumulative: 9900/10000 (99.0%) | last100_unique: 4915
Game 8400 | Score: 0 | Record: 41 | Mean Score: 4.65 | Epsilon: 0.02 | Intrinsic: 0.000 | BufTerm: 0.059 | SampTerm: 0.075 | Oversample: 1.27x
[coverage] Game 8400 | unique_states_cumulative: 9900/10000 (99.0%) | last100_unique: 4933
Game 8500 | Score: 0 | Record: 41 | Mean Score: 4.72 | Epsilon: 0.02 | Intrinsic: 0.000 | BufTerm: 0.058 | SampTerm: 0.063 | Oversample: 1.08x
[coverage] Game 8500 | unique_states_cumulative: 9900/10000 (99.0%) | last100_unique: 5284
Game 8600 | Score: 0 | Record: 41 | Mean Score: 4.79 | Epsilon: 0.02 | Intrinsic: 0.000 | BufTerm: 0.058 | SampTerm: 0.067 | Oversample: 1.16x
[coverage] Game 8600 | unique_states_cumulative: 9900/10000 (99.0%) | last100_unique: 5009
Game 8700 | Score: 26 | Record: 41 | Mean Score: 4.83 | Epsilon: 0.02 | Intrinsic: 0.000 | BufTerm: 0.058 | SampTerm: 0.075 | Oversample: 1.28x
[coverage] Game 8700 | unique_states_cumulative: 9900/10000 (99.0%) | last100_unique: 4219
[Game 8750] Final LR cooldown applied → 1e-5
Game 8800 | Score: 29 | Record: 41 | Mean Score: 4.87 | Epsilon: 0.02 | Intrinsic: 0.000 | BufTerm: 0.060 | SampTerm: 0.068 | Oversample: 1.14x
[coverage] Game 8800 | unique_states_cumulative: 9900/10000 (99.0%) | last100_unique: 4085
Game 8900 | Score: 0 | Record: 41 | Mean Score: 4.93 | Epsilon: 0.02 | Intrinsic: 0.000 | BufTerm: 0.059 | SampTerm: 0.085 | Oversample: 1.45x
[coverage] Game 8900 | unique_states_cumulative: 9900/10000 (99.0%) | last100_unique: 4917
Game 9000 | Score: 0 | Record: 41 | Mean Score: 4.98 | Epsilon: 0.02 | Intrinsic: 0.000 | BufTerm: 0.060 | SampTerm: 0.079 | Oversample: 1.32x
[coverage] Game 9000 | unique_states_cumulative: 9900/10000 (99.0%) | last100_unique: 4655
Game 9100 | Score: 10 | Record: 41 | Mean Score: 5.03 | Epsilon: 0.02 | Intrinsic: 0.000 | BufTerm: 0.060 | SampTerm: 0.055 | Oversample: 0.92x
[coverage] Game 9100 | unique_states_cumulative: 9900/10000 (99.0%) | last100_unique: 4486
Game 9200 | Score: 2 | Record: 41 | Mean Score: 5.07 | Epsilon: 0.02 | Intrinsic: 0.000 | BufTerm: 0.060 | SampTerm: 0.069 | Oversample: 1.16x
[coverage] Game 9200 | unique_states_cumulative: 9900/10000 (99.0%) | last100_unique: 4514
Game 9300 | Score: 19 | Record: 41 | Mean Score: 5.15 | Epsilon: 0.02 | Intrinsic: 0.000 | BufTerm: 0.058 | SampTerm: 0.075 | Oversample: 1.29x
[coverage] Game 9300 | unique_states_cumulative: 9900/10000 (99.0%) | last100_unique: 5138
Game 9400 | Score: 13 | Record: 41 | Mean Score: 5.23 | Epsilon: 0.02 | Intrinsic: 0.000 | BufTerm: 0.057 | SampTerm: 0.060 | Oversample: 1.05x
[coverage] Game 9400 | unique_states_cumulative: 9900/10000 (99.0%) | last100_unique: 5561
Game 9500 | Score: 0 | Record: 41 | Mean Score: 5.29 | Epsilon: 0.02 | Intrinsic: 0.000 | BufTerm: 0.057 | SampTerm: 0.068 | Oversample: 1.19x
[coverage] Game 9500 | unique_states_cumulative: 9900/10000 (99.0%) | last100_unique: 4755
Game 9600 | Score: 0 | Record: 41 | Mean Score: 5.32 | Epsilon: 0.02 | Intrinsic: 0.000 | BufTerm: 0.059 | SampTerm: 0.064 | Oversample: 1.09x
[coverage] Game 9600 | unique_states_cumulative: 9900/10000 (99.0%) | last100_unique: 4397
Game 9700 | Score: 0 | Record: 41 | Mean Score: 5.38 | Epsilon: 0.02 | Intrinsic: 0.000 | BufTerm: 0.058 | SampTerm: 0.057 | Oversample: 0.98x
[coverage] Game 9700 | unique_states_cumulative: 9900/10000 (99.0%) | last100_unique: 4776
Game 9800 | Score: 0 | Record: 41 | Mean Score: 5.43 | Epsilon: 0.02 | Intrinsic: 0.000 | BufTerm: 0.059 | SampTerm: 0.075 | Oversample: 1.27x
[coverage] Game 9800 | unique_states_cumulative: 9900/10000 (99.0%) | last100_unique: 4844
Game 9900 | Score: 41 | Record: 42 | Mean Score: 5.48 | Epsilon: 0.02 | Intrinsic: 0.000 | BufTerm: 0.058 | SampTerm: 0.068 | Oversample: 1.18x
[coverage] Game 9900 | unique_states_cumulative: 9900/10000 (99.0%) | last100_unique: 4704
Game 10000 | Score: 0 | Record: 43 | Mean Score: 5.52 | Epsilon: 0.02 | Intrinsic: 0.000 | BufTerm: 0.058 | SampTerm: 0.056 | Oversample: 0.97x
[coverage] Game 10000 | unique_states_cumulative: 9900/10000 (99.0%) | last100_unique: 4656

Training Complete!
Best Score: 43
Final Mean Score: 5.52
wandb: updating run metadata
wandb: uploading output.log; uploading wandb-summary.json; uploading config.yaml
wandb: uploading output.log; uploading wandb-summary.json
wandb: uploading history steps 99-99, summary, console lines 200-205
wandb: 
wandb: Run history:
wandb:        Buf_Terminal_Frac ▇▇█████████▇▇▇▇▇▇▆▆▆▃▃▂▂▁▁▁▁▁▁▁▁▁▁▁▁▁▁▁▁
wandb:      Coverage_Cumulative ▁▂▂▃▃▃▄▄▄▄▆▆▆▇▇█████████████████████████
wandb: Coverage_Cumulative_Frac ▁▃▃▄▄▄▄▅▅▅▆▆▆▇▇█████████████████████████
wandb:       Coverage_Window100 ▁▁▁▁▁▁▁▁▁▂▂▂▂▂▂▂▃▃▃▃▅▆▇▇▇▇▆▇▇▇▇▇▇▇█▆▇▇▇▇
wandb:                  Epsilon ██▇▇▆▆▆▆▆▅▅▅▄▄▃▃▃▂▂▁▁▁▁▁▁▁▁▁▁▁▁▁▁▁▁▁▁▁▁▁
wandb:                     Game ▁▁▁▁▂▂▂▂▂▂▃▃▃▃▃▃▄▄▄▄▄▅▅▅▅▆▆▆▆▆▇▇▇▇▇█████
wandb:               Mean_Score ▁▁▁▁▁▁▁▁▁▁▁▁▁▁▁▁▂▂▂▂▃▃▃▃▄▅▅▅▅▅▆▇▇▇▇▇▇▇▇█
wandb:                   Record ▁▁▁▂▂▂▂▂▂▂▂▂▃▃▃▃▄▄▄▅▇▇▇█████████████████
wandb:     Sample_Terminal_Frac █▇▆▇█▇█▇▇▇█▇▇▇█▇▇▇▇▇▄▄▃▃▂▂▁▁▂▁▂▁▁▁▁▁▁▁▁▁
wandb:                    Score ▁▁▁▁▁▁▁▁▁▁▁▁▁▂▁▂▂▂▂▁▁▂▂▁▃▁▁▁█▁▁▁▆▁█▆▇▁▅▁
wandb:                       +1 ...
wandb: 
wandb: Run summary:
wandb:        Buf_Terminal_Frac 0.0577
wandb:      Coverage_Cumulative 9900
wandb: Coverage_Cumulative_Frac 0.99
wandb:       Coverage_Window100 4656
wandb:                  Epsilon 0.02
wandb:                     Game 10000
wandb:               Mean_Score 5.5174
wandb:                   Record 43
wandb:     Sample_Terminal_Frac 0.056
wandb:                    Score 0
wandb:                       +1 ...
wandb: 
wandb: 🚀 View run FeatureDQN_v2_10x10_dense_seed2 at: https://wandb.ai/saheb37/rl-snake/runs/dt7qp7eq
wandb: ⭐️ View project at: https://wandb.ai/saheb37/rl-snake
wandb: Synced 5 W&B file(s), 0 media file(s), 0 artifact file(s) and 0 other file(s)
wandb: Find logs at: ./wandb/run-20260517_001443-dt7qp7eq/logs
--- FeatureDQN_v2_10x10_dense_seed2 done ---
=== FeatureDQN_v2_16x16_dense_seed0 ===
/Users/saheb/home/rl-snake/.venv/lib/python3.9/site-packages/urllib3/__init__.py:35: NotOpenSSLWarning: urllib3 v2 only supports OpenSSL 1.1.1+, currently the 'ssl' module is compiled with 'LibreSSL 2.8.3'. See: https://github.com/urllib3/urllib3/issues/3020
  warnings.warn(
wandb: [wandb.login()] Loaded credentials for https://api.wandb.ai from /Users/saheb/.netrc.
wandb: Currently logged in as: saheb37 to https://api.wandb.ai. Use `wandb login --relogin` to force relogin
wandb: setting up run qklfmyys
wandb: Tracking run with wandb version 0.26.0
wandb: Run data is saved locally in /Users/saheb/home/rl-snake/wandb/run-20260517_020054-qklfmyys
wandb: Run `wandb offline` to turn off syncing.
wandb: Syncing run FeatureDQN_v2_16x16_dense_seed0
wandb: ⭐️ View project at https://wandb.ai/saheb37/rl-snake
wandb: 🚀 View run at https://wandb.ai/saheb37/rl-snake/runs/qklfmyys
Starting Baseline DQN Training (Dueling + 3-Step) on 16x16 Board...
Game 100 | Score: 0 | Record: 1 | Mean Score: 0.04 | Epsilon: 0.99 | Intrinsic: 0.000 | BufTerm: 0.217 | SampTerm: 0.199 | Oversample: 0.92x
[coverage] Game 100 | unique_states_cumulative: 1612/65536 (2.5%) | last100_unique: 1612
Game 200 | Score: 0 | Record: 2 | Mean Score: 0.06 | Epsilon: 0.98 | Intrinsic: 0.000 | BufTerm: 0.210 | SampTerm: 0.172 | Oversample: 0.82x
[coverage] Game 200 | unique_states_cumulative: 3132/65536 (4.8%) | last100_unique: 1643
Game 300 | Score: 0 | Record: 2 | Mean Score: 0.05 | Epsilon: 0.96 | Intrinsic: 0.000 | BufTerm: 0.212 | SampTerm: 0.168 | Oversample: 0.79x
[coverage] Game 300 | unique_states_cumulative: 4390/65536 (6.7%) | last100_unique: 1521
Game 400 | Score: 0 | Record: 2 | Mean Score: 0.04 | Epsilon: 0.95 | Intrinsic: 0.000 | BufTerm: 0.214 | SampTerm: 0.163 | Oversample: 0.76x
[coverage] Game 400 | unique_states_cumulative: 5675/65536 (8.7%) | last100_unique: 1589
Game 500 | Score: 0 | Record: 2 | Mean Score: 0.05 | Epsilon: 0.94 | Intrinsic: 0.000 | BufTerm: 0.213 | SampTerm: 0.167 | Oversample: 0.78x
[coverage] Game 500 | unique_states_cumulative: 6825/65536 (10.4%) | last100_unique: 1621
Game 600 | Score: 0 | Record: 2 | Mean Score: 0.05 | Epsilon: 0.93 | Intrinsic: 0.000 | BufTerm: 0.215 | SampTerm: 0.176 | Oversample: 0.82x
[coverage] Game 600 | unique_states_cumulative: 7885/65536 (12.0%) | last100_unique: 1593
Game 700 | Score: 0 | Record: 2 | Mean Score: 0.06 | Epsilon: 0.91 | Intrinsic: 0.000 | BufTerm: 0.215 | SampTerm: 0.181 | Oversample: 0.84x
[coverage] Game 700 | unique_states_cumulative: 8742/65536 (13.3%) | last100_unique: 1545
Game 800 | Score: 0 | Record: 2 | Mean Score: 0.05 | Epsilon: 0.90 | Intrinsic: 0.000 | BufTerm: 0.219 | SampTerm: 0.205 | Oversample: 0.94x
[coverage] Game 800 | unique_states_cumulative: 9497/65536 (14.5%) | last100_unique: 1413
Game 900 | Score: 0 | Record: 2 | Mean Score: 0.05 | Epsilon: 0.89 | Intrinsic: 0.000 | BufTerm: 0.222 | SampTerm: 0.181 | Oversample: 0.82x
[coverage] Game 900 | unique_states_cumulative: 10171/65536 (15.5%) | last100_unique: 1406
Game 1000 | Score: 0 | Record: 2 | Mean Score: 0.05 | Epsilon: 0.88 | Intrinsic: 0.000 | BufTerm: 0.222 | SampTerm: 0.204 | Oversample: 0.92x
[coverage] Game 1000 | unique_states_cumulative: 10872/65536 (16.6%) | last100_unique: 1497
Game 1100 | Score: 0 | Record: 2 | Mean Score: 0.05 | Epsilon: 0.87 | Intrinsic: 0.000 | BufTerm: 0.223 | SampTerm: 0.188 | Oversample: 0.84x
[coverage] Game 1100 | unique_states_cumulative: 11542/65536 (17.6%) | last100_unique: 1509
Game 1200 | Score: 0 | Record: 3 | Mean Score: 0.06 | Epsilon: 0.85 | Intrinsic: 0.000 | BufTerm: 0.224 | SampTerm: 0.173 | Oversample: 0.78x
[coverage] Game 1200 | unique_states_cumulative: 12227/65536 (18.7%) | last100_unique: 1557
Game 1300 | Score: 0 | Record: 3 | Mean Score: 0.06 | Epsilon: 0.84 | Intrinsic: 0.000 | BufTerm: 0.226 | SampTerm: 0.180 | Oversample: 0.80x
[coverage] Game 1300 | unique_states_cumulative: 12765/65536 (19.5%) | last100_unique: 1404
Game 1400 | Score: 0 | Record: 3 | Mean Score: 0.06 | Epsilon: 0.83 | Intrinsic: 0.000 | BufTerm: 0.226 | SampTerm: 0.180 | Oversample: 0.80x
[coverage] Game 1400 | unique_states_cumulative: 13339/65536 (20.4%) | last100_unique: 1518
Game 1500 | Score: 0 | Record: 3 | Mean Score: 0.06 | Epsilon: 0.82 | Intrinsic: 0.000 | BufTerm: 0.227 | SampTerm: 0.156 | Oversample: 0.69x
[coverage] Game 1500 | unique_states_cumulative: 13891/65536 (21.2%) | last100_unique: 1568
Game 1600 | Score: 0 | Record: 3 | Mean Score: 0.07 | Epsilon: 0.80 | Intrinsic: 0.000 | BufTerm: 0.228 | SampTerm: 0.180 | Oversample: 0.79x
[coverage] Game 1600 | unique_states_cumulative: 14312/65536 (21.8%) | last100_unique: 1450
Game 1700 | Score: 0 | Record: 3 | Mean Score: 0.07 | Epsilon: 0.79 | Intrinsic: 0.000 | BufTerm: 0.230 | SampTerm: 0.197 | Oversample: 0.86x
[coverage] Game 1700 | unique_states_cumulative: 14744/65536 (22.5%) | last100_unique: 1364
Game 1800 | Score: 0 | Record: 3 | Mean Score: 0.07 | Epsilon: 0.78 | Intrinsic: 0.000 | BufTerm: 0.232 | SampTerm: 0.192 | Oversample: 0.83x
[coverage] Game 1800 | unique_states_cumulative: 15086/65536 (23.0%) | last100_unique: 1327
Game 1900 | Score: 0 | Record: 3 | Mean Score: 0.07 | Epsilon: 0.77 | Intrinsic: 0.000 | BufTerm: 0.233 | SampTerm: 0.172 | Oversample: 0.74x
[coverage] Game 1900 | unique_states_cumulative: 15464/65536 (23.6%) | last100_unique: 1433
Game 2000 | Score: 0 | Record: 3 | Mean Score: 0.06 | Epsilon: 0.76 | Intrinsic: 0.000 | BufTerm: 0.235 | SampTerm: 0.180 | Oversample: 0.77x
[coverage] Game 2000 | unique_states_cumulative: 15797/65536 (24.1%) | last100_unique: 1279
Game 2100 | Score: 0 | Record: 3 | Mean Score: 0.07 | Epsilon: 0.74 | Intrinsic: 0.000 | BufTerm: 0.236 | SampTerm: 0.167 | Oversample: 0.71x
[coverage] Game 2100 | unique_states_cumulative: 16188/65536 (24.7%) | last100_unique: 1429
Game 2200 | Score: 0 | Record: 3 | Mean Score: 0.07 | Epsilon: 0.73 | Intrinsic: 0.000 | BufTerm: 0.236 | SampTerm: 0.176 | Oversample: 0.74x
[coverage] Game 2200 | unique_states_cumulative: 16609/65536 (25.3%) | last100_unique: 1550
Game 2300 | Score: 0 | Record: 3 | Mean Score: 0.07 | Epsilon: 0.72 | Intrinsic: 0.000 | BufTerm: 0.237 | SampTerm: 0.183 | Oversample: 0.77x
[coverage] Game 2300 | unique_states_cumulative: 16943/65536 (25.9%) | last100_unique: 1370
Game 2400 | Score: 0 | Record: 3 | Mean Score: 0.07 | Epsilon: 0.71 | Intrinsic: 0.000 | BufTerm: 0.238 | SampTerm: 0.181 | Oversample: 0.76x
[coverage] Game 2400 | unique_states_cumulative: 17329/65536 (26.4%) | last100_unique: 1421
Game 2500 | Score: 0 | Record: 3 | Mean Score: 0.07 | Epsilon: 0.69 | Intrinsic: 0.000 | BufTerm: 0.240 | SampTerm: 0.167 | Oversample: 0.70x
[coverage] Game 2500 | unique_states_cumulative: 17553/65536 (26.8%) | last100_unique: 1280
Game 2600 | Score: 0 | Record: 4 | Mean Score: 0.08 | Epsilon: 0.68 | Intrinsic: 0.000 | BufTerm: 0.239 | SampTerm: 0.196 | Oversample: 0.82x
[coverage] Game 2600 | unique_states_cumulative: 18040/65536 (27.5%) | last100_unique: 1688
Game 2700 | Score: 0 | Record: 4 | Mean Score: 0.09 | Epsilon: 0.67 | Intrinsic: 0.000 | BufTerm: 0.239 | SampTerm: 0.201 | Oversample: 0.84x
[coverage] Game 2700 | unique_states_cumulative: 18422/65536 (28.1%) | last100_unique: 1512
Game 2800 | Score: 0 | Record: 4 | Mean Score: 0.09 | Epsilon: 0.66 | Intrinsic: 0.000 | BufTerm: 0.240 | SampTerm: 0.176 | Oversample: 0.73x
[coverage] Game 2800 | unique_states_cumulative: 18734/65536 (28.6%) | last100_unique: 1424
Game 2900 | Score: 0 | Record: 4 | Mean Score: 0.09 | Epsilon: 0.64 | Intrinsic: 0.000 | BufTerm: 0.242 | SampTerm: 0.164 | Oversample: 0.68x
[coverage] Game 2900 | unique_states_cumulative: 18882/65536 (28.8%) | last100_unique: 1197
Game 3000 | Score: 0 | Record: 4 | Mean Score: 0.09 | Epsilon: 0.63 | Intrinsic: 0.000 | BufTerm: 0.242 | SampTerm: 0.171 | Oversample: 0.71x
[coverage] Game 3000 | unique_states_cumulative: 19287/65536 (29.4%) | last100_unique: 1624
Game 3100 | Score: 0 | Record: 5 | Mean Score: 0.10 | Epsilon: 0.62 | Intrinsic: 0.000 | BufTerm: 0.242 | SampTerm: 0.201 | Oversample: 0.83x
[coverage] Game 3100 | unique_states_cumulative: 19751/65536 (30.1%) | last100_unique: 1587
Game 3200 | Score: 0 | Record: 5 | Mean Score: 0.10 | Epsilon: 0.61 | Intrinsic: 0.000 | BufTerm: 0.243 | SampTerm: 0.161 | Oversample: 0.66x
[coverage] Game 3200 | unique_states_cumulative: 19936/65536 (30.4%) | last100_unique: 1291
Game 3300 | Score: 0 | Record: 5 | Mean Score: 0.10 | Epsilon: 0.60 | Intrinsic: 0.000 | BufTerm: 0.243 | SampTerm: 0.175 | Oversample: 0.72x
[coverage] Game 3300 | unique_states_cumulative: 20314/65536 (31.0%) | last100_unique: 1526
Game 3400 | Score: 0 | Record: 6 | Mean Score: 0.12 | Epsilon: 0.58 | Intrinsic: 0.000 | BufTerm: 0.241 | SampTerm: 0.200 | Oversample: 0.83x
[coverage] Game 3400 | unique_states_cumulative: 20957/65536 (32.0%) | last100_unique: 2002
Game 3500 | Score: 0 | Record: 6 | Mean Score: 0.12 | Epsilon: 0.57 | Intrinsic: 0.000 | BufTerm: 0.242 | SampTerm: 0.192 | Oversample: 0.79x
[coverage] Game 3500 | unique_states_cumulative: 21154/65536 (32.3%) | last100_unique: 1308
Game 3600 | Score: 0 | Record: 6 | Mean Score: 0.12 | Epsilon: 0.56 | Intrinsic: 0.000 | BufTerm: 0.242 | SampTerm: 0.176 | Oversample: 0.73x
[coverage] Game 3600 | unique_states_cumulative: 21607/65536 (33.0%) | last100_unique: 1717
Game 3700 | Score: 0 | Record: 6 | Mean Score: 0.14 | Epsilon: 0.55 | Intrinsic: 0.000 | BufTerm: 0.240 | SampTerm: 0.200 | Oversample: 0.83x
[coverage] Game 3700 | unique_states_cumulative: 22292/65536 (34.0%) | last100_unique: 2051
Game 3800 | Score: 2 | Record: 6 | Mean Score: 0.14 | Epsilon: 0.53 | Intrinsic: 0.000 | BufTerm: 0.240 | SampTerm: 0.181 | Oversample: 0.76x
[coverage] Game 3800 | unique_states_cumulative: 22699/65536 (34.6%) | last100_unique: 1666
Game 3900 | Score: 0 | Record: 6 | Mean Score: 0.15 | Epsilon: 0.52 | Intrinsic: 0.000 | BufTerm: 0.239 | SampTerm: 0.197 | Oversample: 0.82x
[coverage] Game 3900 | unique_states_cumulative: 23194/65536 (35.4%) | last100_unique: 1714
Game 4000 | Score: 0 | Record: 6 | Mean Score: 0.17 | Epsilon: 0.51 | Intrinsic: 0.000 | BufTerm: 0.237 | SampTerm: 0.187 | Oversample: 0.79x
[coverage] Game 4000 | unique_states_cumulative: 24032/65536 (36.7%) | last100_unique: 2303
Game 4100 | Score: 0 | Record: 6 | Mean Score: 0.18 | Epsilon: 0.50 | Intrinsic: 0.000 | BufTerm: 0.236 | SampTerm: 0.200 | Oversample: 0.85x
[coverage] Game 4100 | unique_states_cumulative: 24585/65536 (37.5%) | last100_unique: 1906
Game 4200 | Score: 0 | Record: 8 | Mean Score: 0.19 | Epsilon: 0.49 | Intrinsic: 0.000 | BufTerm: 0.235 | SampTerm: 0.191 | Oversample: 0.81x
[coverage] Game 4200 | unique_states_cumulative: 25262/65536 (38.5%) | last100_unique: 2210
Game 4300 | Score: 0 | Record: 8 | Mean Score: 0.21 | Epsilon: 0.47 | Intrinsic: 0.000 | BufTerm: 0.233 | SampTerm: 0.196 | Oversample: 0.84x
[coverage] Game 4300 | unique_states_cumulative: 25993/65536 (39.7%) | last100_unique: 2256
Game 4400 | Score: 0 | Record: 8 | Mean Score: 0.22 | Epsilon: 0.46 | Intrinsic: 0.000 | BufTerm: 0.232 | SampTerm: 0.196 | Oversample: 0.85x
[coverage] Game 4400 | unique_states_cumulative: 26523/65536 (40.5%) | last100_unique: 2039
Game 4500 | Score: 1 | Record: 8 | Mean Score: 0.23 | Epsilon: 0.45 | Intrinsic: 0.000 | BufTerm: 0.230 | SampTerm: 0.164 | Oversample: 0.71x
[coverage] Game 4500 | unique_states_cumulative: 27211/65536 (41.5%) | last100_unique: 2272
Game 4600 | Score: 0 | Record: 8 | Mean Score: 0.25 | Epsilon: 0.44 | Intrinsic: 0.000 | BufTerm: 0.227 | SampTerm: 0.189 | Oversample: 0.83x
[coverage] Game 4600 | unique_states_cumulative: 28109/65536 (42.9%) | last100_unique: 2856
Game 4700 | Score: 0 | Record: 9 | Mean Score: 0.28 | Epsilon: 0.42 | Intrinsic: 0.000 | BufTerm: 0.226 | SampTerm: 0.157 | Oversample: 0.70x
[coverage] Game 4700 | unique_states_cumulative: 28913/65536 (44.1%) | last100_unique: 2697
Game 4800 | Score: 0 | Record: 9 | Mean Score: 0.29 | Epsilon: 0.41 | Intrinsic: 0.000 | BufTerm: 0.225 | SampTerm: 0.149 | Oversample: 0.66x
[coverage] Game 4800 | unique_states_cumulative: 29317/65536 (44.7%) | last100_unique: 2098
Game 4900 | Score: 4 | Record: 11 | Mean Score: 0.31 | Epsilon: 0.40 | Intrinsic: 0.000 | BufTerm: 0.223 | SampTerm: 0.173 | Oversample: 0.78x
[coverage] Game 4900 | unique_states_cumulative: 29961/65536 (45.7%) | last100_unique: 2619
Game 5000 | Score: 0 | Record: 11 | Mean Score: 0.32 | Epsilon: 0.39 | Intrinsic: 0.000 | BufTerm: 0.222 | SampTerm: 0.207 | Oversample: 0.93x
[coverage] Game 5000 | unique_states_cumulative: 30427/65536 (46.4%) | last100_unique: 2215
Game 5100 | Score: 0 | Record: 13 | Mean Score: 0.33 | Epsilon: 0.38 | Intrinsic: 0.000 | BufTerm: 0.221 | SampTerm: 0.193 | Oversample: 0.88x
[coverage] Game 5100 | unique_states_cumulative: 31010/65536 (47.3%) | last100_unique: 2383
Game 5200 | Score: 0 | Record: 13 | Mean Score: 0.35 | Epsilon: 0.36 | Intrinsic: 0.000 | BufTerm: 0.219 | SampTerm: 0.171 | Oversample: 0.78x
[coverage] Game 5200 | unique_states_cumulative: 31632/65536 (48.3%) | last100_unique: 2395
Game 5300 | Score: 4 | Record: 13 | Mean Score: 0.36 | Epsilon: 0.35 | Intrinsic: 0.000 | BufTerm: 0.217 | SampTerm: 0.175 | Oversample: 0.80x
[coverage] Game 5300 | unique_states_cumulative: 32145/65536 (49.0%) | last100_unique: 2368
Game 5400 | Score: 0 | Record: 13 | Mean Score: 0.38 | Epsilon: 0.34 | Intrinsic: 0.000 | BufTerm: 0.215 | SampTerm: 0.167 | Oversample: 0.78x
[coverage] Game 5400 | unique_states_cumulative: 32716/65536 (49.9%) | last100_unique: 2616
Game 5500 | Score: 0 | Record: 13 | Mean Score: 0.39 | Epsilon: 0.33 | Intrinsic: 0.000 | BufTerm: 0.213 | SampTerm: 0.180 | Oversample: 0.85x
[coverage] Game 5500 | unique_states_cumulative: 33257/65536 (50.7%) | last100_unique: 2413
Game 5600 | Score: 0 | Record: 13 | Mean Score: 0.40 | Epsilon: 0.31 | Intrinsic: 0.000 | BufTerm: 0.211 | SampTerm: 0.205 | Oversample: 0.97x
[coverage] Game 5600 | unique_states_cumulative: 33706/65536 (51.4%) | last100_unique: 2287
Game 5700 | Score: 0 | Record: 15 | Mean Score: 0.43 | Epsilon: 0.30 | Intrinsic: 0.000 | BufTerm: 0.207 | SampTerm: 0.217 | Oversample: 1.05x
[coverage] Game 5700 | unique_states_cumulative: 34537/65536 (52.7%) | last100_unique: 3325
Game 5800 | Score: 0 | Record: 15 | Mean Score: 0.45 | Epsilon: 0.29 | Intrinsic: 0.000 | BufTerm: 0.203 | SampTerm: 0.172 | Oversample: 0.85x
[coverage] Game 5800 | unique_states_cumulative: 35183/65536 (53.7%) | last100_unique: 2968
Game 5900 | Score: 0 | Record: 15 | Mean Score: 0.47 | Epsilon: 0.28 | Intrinsic: 0.000 | BufTerm: 0.198 | SampTerm: 0.152 | Oversample: 0.77x
[coverage] Game 5900 | unique_states_cumulative: 35818/65536 (54.7%) | last100_unique: 3140
Game 6000 | Score: 0 | Record: 15 | Mean Score: 0.50 | Epsilon: 0.27 | Intrinsic: 0.000 | BufTerm: 0.193 | SampTerm: 0.173 | Oversample: 0.90x
[coverage] Game 6000 | unique_states_cumulative: 36478/65536 (55.7%) | last100_unique: 3218
Game 6100 | Score: 9 | Record: 18 | Mean Score: 0.54 | Epsilon: 0.25 | Intrinsic: 0.000 | BufTerm: 0.185 | SampTerm: 0.189 | Oversample: 1.03x
[coverage] Game 6100 | unique_states_cumulative: 37415/65536 (57.1%) | last100_unique: 4365
Game 6200 | Score: 0 | Record: 18 | Mean Score: 0.56 | Epsilon: 0.24 | Intrinsic: 0.000 | BufTerm: 0.180 | SampTerm: 0.183 | Oversample: 1.01x
[coverage] Game 6200 | unique_states_cumulative: 38099/65536 (58.1%) | last100_unique: 3271
Game 6300 | Score: 0 | Record: 18 | Mean Score: 0.60 | Epsilon: 0.23 | Intrinsic: 0.000 | BufTerm: 0.172 | SampTerm: 0.163 | Oversample: 0.95x
[coverage] Game 6300 | unique_states_cumulative: 38889/65536 (59.3%) | last100_unique: 4152
Game 6400 | Score: 4 | Record: 18 | Mean Score: 0.63 | Epsilon: 0.22 | Intrinsic: 0.000 | BufTerm: 0.166 | SampTerm: 0.200 | Oversample: 1.20x
[coverage] Game 6400 | unique_states_cumulative: 39645/65536 (60.5%) | last100_unique: 3760
Game 6500 | Score: 0 | Record: 18 | Mean Score: 0.66 | Epsilon: 0.20 | Intrinsic: 0.000 | BufTerm: 0.159 | SampTerm: 0.164 | Oversample: 1.03x
[coverage] Game 6500 | unique_states_cumulative: 40290/65536 (61.5%) | last100_unique: 4129
Game 6600 | Score: 0 | Record: 23 | Mean Score: 0.69 | Epsilon: 0.19 | Intrinsic: 0.000 | BufTerm: 0.153 | SampTerm: 0.151 | Oversample: 0.98x
[coverage] Game 6600 | unique_states_cumulative: 40830/65536 (62.3%) | last100_unique: 3801
Game 6700 | Score: 0 | Record: 23 | Mean Score: 0.73 | Epsilon: 0.18 | Intrinsic: 0.000 | BufTerm: 0.147 | SampTerm: 0.165 | Oversample: 1.13x
[coverage] Game 6700 | unique_states_cumulative: 41546/65536 (63.4%) | last100_unique: 4660
Game 6800 | Score: 0 | Record: 23 | Mean Score: 0.77 | Epsilon: 0.17 | Intrinsic: 0.000 | BufTerm: 0.140 | SampTerm: 0.176 | Oversample: 1.26x
[coverage] Game 6800 | unique_states_cumulative: 42405/65536 (64.7%) | last100_unique: 5113
Game 6900 | Score: 4 | Record: 26 | Mean Score: 0.82 | Epsilon: 0.15 | Intrinsic: 0.000 | BufTerm: 0.134 | SampTerm: 0.144 | Oversample: 1.08x
[coverage] Game 6900 | unique_states_cumulative: 43146/65536 (65.8%) | last100_unique: 4955
Game 7000 | Score: 3 | Record: 26 | Mean Score: 0.85 | Epsilon: 0.14 | Intrinsic: 0.000 | BufTerm: 0.129 | SampTerm: 0.140 | Oversample: 1.09x
[coverage] Game 7000 | unique_states_cumulative: 43739/65536 (66.7%) | last100_unique: 4586
Game 7100 | Score: 18 | Record: 26 | Mean Score: 0.91 | Epsilon: 0.13 | Intrinsic: 0.000 | BufTerm: 0.123 | SampTerm: 0.145 | Oversample: 1.18x
[coverage] Game 7100 | unique_states_cumulative: 44668/65536 (68.2%) | last100_unique: 5953
Game 7200 | Score: 2 | Record: 26 | Mean Score: 0.95 | Epsilon: 0.12 | Intrinsic: 0.000 | BufTerm: 0.118 | SampTerm: 0.139 | Oversample: 1.17x
[coverage] Game 7200 | unique_states_cumulative: 45376/65536 (69.2%) | last100_unique: 4996
Game 7300 | Score: 2 | Record: 26 | Mean Score: 1.00 | Epsilon: 0.11 | Intrinsic: 0.000 | BufTerm: 0.112 | SampTerm: 0.128 | Oversample: 1.14x
[coverage] Game 7300 | unique_states_cumulative: 45990/65536 (70.2%) | last100_unique: 4966
Game 7400 | Score: 4 | Record: 26 | Mean Score: 1.03 | Epsilon: 0.09 | Intrinsic: 0.000 | BufTerm: 0.109 | SampTerm: 0.127 | Oversample: 1.16x
[coverage] Game 7400 | unique_states_cumulative: 46527/65536 (71.0%) | last100_unique: 4519
Game 7500 | Score: 16 | Record: 26 | Mean Score: 1.06 | Epsilon: 0.08 | Intrinsic: 0.000 | BufTerm: 0.105 | SampTerm: 0.140 | Oversample: 1.33x
[coverage] Game 7500 | unique_states_cumulative: 46911/65536 (71.6%) | last100_unique: 4406
Game 7600 | Score: 0 | Record: 33 | Mean Score: 1.12 | Epsilon: 0.07 | Intrinsic: 0.000 | BufTerm: 0.098 | SampTerm: 0.145 | Oversample: 1.48x
[coverage] Game 7600 | unique_states_cumulative: 47613/65536 (72.7%) | last100_unique: 6193
Game 7700 | Score: 10 | Record: 33 | Mean Score: 1.18 | Epsilon: 0.06 | Intrinsic: 0.000 | BufTerm: 0.092 | SampTerm: 0.120 | Oversample: 1.30x
[coverage] Game 7700 | unique_states_cumulative: 48295/65536 (73.7%) | last100_unique: 6415
Game 7800 | Score: 22 | Record: 33 | Mean Score: 1.25 | Epsilon: 0.04 | Intrinsic: 0.000 | BufTerm: 0.087 | SampTerm: 0.087 | Oversample: 1.00x
[coverage] Game 7800 | unique_states_cumulative: 49105/65536 (74.9%) | last100_unique: 7182
Game 7900 | Score: 0 | Record: 35 | Mean Score: 1.34 | Epsilon: 0.03 | Intrinsic: 0.000 | BufTerm: 0.081 | SampTerm: 0.104 | Oversample: 1.29x
[coverage] Game 7900 | unique_states_cumulative: 50043/65536 (76.4%) | last100_unique: 8057
Game 8000 | Score: 0 | Record: 37 | Mean Score: 1.43 | Epsilon: 0.02 | Intrinsic: 0.000 | BufTerm: 0.074 | SampTerm: 0.101 | Oversample: 1.36x
[coverage] Game 8000 | unique_states_cumulative: 50983/65536 (77.8%) | last100_unique: 8286
Game 8100 | Score: 0 | Record: 46 | Mean Score: 1.52 | Epsilon: 0.02 | Intrinsic: 0.000 | BufTerm: 0.068 | SampTerm: 0.101 | Oversample: 1.49x
[coverage] Game 8100 | unique_states_cumulative: 51984/65536 (79.3%) | last100_unique: 9151
Game 8200 | Score: 29 | Record: 46 | Mean Score: 1.62 | Epsilon: 0.02 | Intrinsic: 0.000 | BufTerm: 0.063 | SampTerm: 0.088 | Oversample: 1.41x
[coverage] Game 8200 | unique_states_cumulative: 52850/65536 (80.6%) | last100_unique: 9657
Game 8300 | Score: 0 | Record: 46 | Mean Score: 1.72 | Epsilon: 0.02 | Intrinsic: 0.000 | BufTerm: 0.057 | SampTerm: 0.088 | Oversample: 1.55x
[coverage] Game 8300 | unique_states_cumulative: 53730/65536 (82.0%) | last100_unique: 10078
Game 8400 | Score: 0 | Record: 46 | Mean Score: 1.80 | Epsilon: 0.02 | Intrinsic: 0.000 | BufTerm: 0.052 | SampTerm: 0.064 | Oversample: 1.22x
[coverage] Game 8400 | unique_states_cumulative: 54416/65536 (83.0%) | last100_unique: 8191
Game 8500 | Score: 19 | Record: 46 | Mean Score: 1.90 | Epsilon: 0.02 | Intrinsic: 0.000 | BufTerm: 0.047 | SampTerm: 0.068 | Oversample: 1.46x
[coverage] Game 8500 | unique_states_cumulative: 55114/65536 (84.1%) | last100_unique: 10107
Game 8600 | Score: 0 | Record: 46 | Mean Score: 1.97 | Epsilon: 0.02 | Intrinsic: 0.000 | BufTerm: 0.045 | SampTerm: 0.056 | Oversample: 1.25x
[coverage] Game 8600 | unique_states_cumulative: 55654/65536 (84.9%) | last100_unique: 8339
Game 8700 | Score: 13 | Record: 46 | Mean Score: 2.04 | Epsilon: 0.02 | Intrinsic: 0.000 | BufTerm: 0.044 | SampTerm: 0.064 | Oversample: 1.45x
[coverage] Game 8700 | unique_states_cumulative: 56096/65536 (85.6%) | last100_unique: 7688
Game 8800 | Score: 28 | Record: 46 | Mean Score: 2.10 | Epsilon: 0.02 | Intrinsic: 0.000 | BufTerm: 0.045 | SampTerm: 0.061 | Oversample: 1.38x
[coverage] Game 8800 | unique_states_cumulative: 56528/65536 (86.3%) | last100_unique: 7963
Game 8900 | Score: 20 | Record: 46 | Mean Score: 2.17 | Epsilon: 0.02 | Intrinsic: 0.000 | BufTerm: 0.045 | SampTerm: 0.056 | Oversample: 1.25x
[coverage] Game 8900 | unique_states_cumulative: 56977/65536 (86.9%) | last100_unique: 8744
Game 9000 | Score: 18 | Record: 46 | Mean Score: 2.23 | Epsilon: 0.02 | Intrinsic: 0.000 | BufTerm: 0.046 | SampTerm: 0.061 | Oversample: 1.34x
[coverage] Game 9000 | unique_states_cumulative: 57352/65536 (87.5%) | last100_unique: 7800
Game 9100 | Score: 30 | Record: 46 | Mean Score: 2.30 | Epsilon: 0.02 | Intrinsic: 0.000 | BufTerm: 0.046 | SampTerm: 0.044 | Oversample: 0.96x
[coverage] Game 9100 | unique_states_cumulative: 57740/65536 (88.1%) | last100_unique: 8781
Game 9200 | Score: 0 | Record: 46 | Mean Score: 2.37 | Epsilon: 0.02 | Intrinsic: 0.000 | BufTerm: 0.047 | SampTerm: 0.040 | Oversample: 0.86x
[coverage] Game 9200 | unique_states_cumulative: 58100/65536 (88.7%) | last100_unique: 8743
Game 9300 | Score: 20 | Record: 46 | Mean Score: 2.43 | Epsilon: 0.02 | Intrinsic: 0.000 | BufTerm: 0.047 | SampTerm: 0.051 | Oversample: 1.08x
[coverage] Game 9300 | unique_states_cumulative: 58460/65536 (89.2%) | last100_unique: 8300
Game 9400 | Score: 0 | Record: 46 | Mean Score: 2.50 | Epsilon: 0.02 | Intrinsic: 0.000 | BufTerm: 0.047 | SampTerm: 0.051 | Oversample: 1.08x
[coverage] Game 9400 | unique_states_cumulative: 58825/65536 (89.8%) | last100_unique: 9459
Game 9500 | Score: 18 | Record: 47 | Mean Score: 2.57 | Epsilon: 0.02 | Intrinsic: 0.000 | BufTerm: 0.047 | SampTerm: 0.061 | Oversample: 1.30x
[coverage] Game 9500 | unique_states_cumulative: 59119/65536 (90.2%) | last100_unique: 8982
Game 9600 | Score: 12 | Record: 51 | Mean Score: 2.63 | Epsilon: 0.02 | Intrinsic: 0.000 | BufTerm: 0.047 | SampTerm: 0.055 | Oversample: 1.17x
[coverage] Game 9600 | unique_states_cumulative: 59396/65536 (90.6%) | last100_unique: 8568
Game 9700 | Score: 0 | Record: 51 | Mean Score: 2.70 | Epsilon: 0.02 | Intrinsic: 0.000 | BufTerm: 0.046 | SampTerm: 0.052 | Oversample: 1.14x
[coverage] Game 9700 | unique_states_cumulative: 59654/65536 (91.0%) | last100_unique: 9252
Game 9800 | Score: 7 | Record: 51 | Mean Score: 2.77 | Epsilon: 0.02 | Intrinsic: 0.000 | BufTerm: 0.045 | SampTerm: 0.053 | Oversample: 1.18x
[coverage] Game 9800 | unique_states_cumulative: 59909/65536 (91.4%) | last100_unique: 9272
Game 9900 | Score: 28 | Record: 51 | Mean Score: 2.85 | Epsilon: 0.02 | Intrinsic: 0.000 | BufTerm: 0.044 | SampTerm: 0.067 | Oversample: 1.51x
[coverage] Game 9900 | unique_states_cumulative: 60207/65536 (91.9%) | last100_unique: 9624
Game 10000 | Score: 0 | Record: 51 | Mean Score: 2.92 | Epsilon: 0.02 | Intrinsic: 0.000 | BufTerm: 0.043 | SampTerm: 0.060 | Oversample: 1.39x
[coverage] Game 10000 | unique_states_cumulative: 60428/65536 (92.2%) | last100_unique: 9816
Game 10100 | Score: 0 | Record: 51 | Mean Score: 2.98 | Epsilon: 0.02 | Intrinsic: 0.000 | BufTerm: 0.042 | SampTerm: 0.059 | Oversample: 1.40x
[coverage] Game 10100 | unique_states_cumulative: 60651/65536 (92.5%) | last100_unique: 9003
Game 10200 | Score: 9 | Record: 51 | Mean Score: 3.05 | Epsilon: 0.02 | Intrinsic: 0.000 | BufTerm: 0.042 | SampTerm: 0.061 | Oversample: 1.46x
[coverage] Game 10200 | unique_states_cumulative: 60913/65536 (92.9%) | last100_unique: 9803
Game 10300 | Score: 22 | Record: 51 | Mean Score: 3.10 | Epsilon: 0.02 | Intrinsic: 0.000 | BufTerm: 0.042 | SampTerm: 0.060 | Oversample: 1.42x
[coverage] Game 10300 | unique_states_cumulative: 61099/65536 (93.2%) | last100_unique: 8695
Game 10400 | Score: 0 | Record: 51 | Mean Score: 3.16 | Epsilon: 0.02 | Intrinsic: 0.000 | BufTerm: 0.042 | SampTerm: 0.063 | Oversample: 1.48x
[coverage] Game 10400 | unique_states_cumulative: 61272/65536 (93.5%) | last100_unique: 9522
Game 10500 | Score: 14 | Record: 52 | Mean Score: 3.24 | Epsilon: 0.02 | Intrinsic: 0.000 | BufTerm: 0.041 | SampTerm: 0.052 | Oversample: 1.27x
[coverage] Game 10500 | unique_states_cumulative: 61523/65536 (93.9%) | last100_unique: 11113
Game 10600 | Score: 0 | Record: 52 | Mean Score: 3.30 | Epsilon: 0.02 | Intrinsic: 0.000 | BufTerm: 0.041 | SampTerm: 0.051 | Oversample: 1.23x
[coverage] Game 10600 | unique_states_cumulative: 61704/65536 (94.2%) | last100_unique: 9437
Game 10700 | Score: 0 | Record: 52 | Mean Score: 3.35 | Epsilon: 0.02 | Intrinsic: 0.000 | BufTerm: 0.041 | SampTerm: 0.072 | Oversample: 1.78x
[coverage] Game 10700 | unique_states_cumulative: 61856/65536 (94.4%) | last100_unique: 9720
Game 10800 | Score: 0 | Record: 52 | Mean Score: 3.41 | Epsilon: 0.02 | Intrinsic: 0.000 | BufTerm: 0.041 | SampTerm: 0.055 | Oversample: 1.33x
[coverage] Game 10800 | unique_states_cumulative: 62032/65536 (94.7%) | last100_unique: 9550
Game 10900 | Score: 44 | Record: 52 | Mean Score: 3.47 | Epsilon: 0.02 | Intrinsic: 0.000 | BufTerm: 0.041 | SampTerm: 0.056 | Oversample: 1.38x
[coverage] Game 10900 | unique_states_cumulative: 62161/65536 (94.9%) | last100_unique: 9973
Game 11000 | Score: 0 | Record: 52 | Mean Score: 3.53 | Epsilon: 0.02 | Intrinsic: 0.000 | BufTerm: 0.040 | SampTerm: 0.059 | Oversample: 1.46x
[coverage] Game 11000 | unique_states_cumulative: 62324/65536 (95.1%) | last100_unique: 9913
Game 11100 | Score: 24 | Record: 52 | Mean Score: 3.60 | Epsilon: 0.02 | Intrinsic: 0.000 | BufTerm: 0.038 | SampTerm: 0.052 | Oversample: 1.37x
[coverage] Game 11100 | unique_states_cumulative: 62494/65536 (95.4%) | last100_unique: 11657
Game 11200 | Score: 21 | Record: 52 | Mean Score: 3.66 | Epsilon: 0.02 | Intrinsic: 0.000 | BufTerm: 0.038 | SampTerm: 0.037 | Oversample: 0.97x
[coverage] Game 11200 | unique_states_cumulative: 62616/65536 (95.5%) | last100_unique: 10126
Game 11300 | Score: 12 | Record: 52 | Mean Score: 3.72 | Epsilon: 0.02 | Intrinsic: 0.000 | BufTerm: 0.038 | SampTerm: 0.048 | Oversample: 1.27x
[coverage] Game 11300 | unique_states_cumulative: 62746/65536 (95.7%) | last100_unique: 10858
Game 11400 | Score: 18 | Record: 52 | Mean Score: 3.77 | Epsilon: 0.02 | Intrinsic: 0.000 | BufTerm: 0.038 | SampTerm: 0.037 | Oversample: 0.98x
[coverage] Game 11400 | unique_states_cumulative: 62852/65536 (95.9%) | last100_unique: 9436
Game 11500 | Score: 7 | Record: 52 | Mean Score: 3.82 | Epsilon: 0.02 | Intrinsic: 0.000 | BufTerm: 0.038 | SampTerm: 0.048 | Oversample: 1.26x
[coverage] Game 11500 | unique_states_cumulative: 62937/65536 (96.0%) | last100_unique: 9650
Game 11600 | Score: 0 | Record: 52 | Mean Score: 3.89 | Epsilon: 0.02 | Intrinsic: 0.000 | BufTerm: 0.038 | SampTerm: 0.055 | Oversample: 1.44x
[coverage] Game 11600 | unique_states_cumulative: 63063/65536 (96.2%) | last100_unique: 10683
Game 11700 | Score: 30 | Record: 52 | Mean Score: 3.94 | Epsilon: 0.02 | Intrinsic: 0.000 | BufTerm: 0.038 | SampTerm: 0.065 | Oversample: 1.72x
[coverage] Game 11700 | unique_states_cumulative: 63181/65536 (96.4%) | last100_unique: 10105
Game 11800 | Score: 0 | Record: 52 | Mean Score: 3.98 | Epsilon: 0.02 | Intrinsic: 0.000 | BufTerm: 0.038 | SampTerm: 0.041 | Oversample: 1.07x
[coverage] Game 11800 | unique_states_cumulative: 63267/65536 (96.5%) | last100_unique: 8507
Game 11900 | Score: 17 | Record: 52 | Mean Score: 4.01 | Epsilon: 0.02 | Intrinsic: 0.000 | BufTerm: 0.040 | SampTerm: 0.052 | Oversample: 1.29x
[coverage] Game 11900 | unique_states_cumulative: 63343/65536 (96.7%) | last100_unique: 8449
Game 12000 | Score: 38 | Record: 52 | Mean Score: 4.04 | Epsilon: 0.02 | Intrinsic: 0.000 | BufTerm: 0.042 | SampTerm: 0.061 | Oversample: 1.47x
[coverage] Game 12000 | unique_states_cumulative: 63397/65536 (96.7%) | last100_unique: 8098
Game 12100 | Score: 32 | Record: 52 | Mean Score: 4.09 | Epsilon: 0.02 | Intrinsic: 0.000 | BufTerm: 0.042 | SampTerm: 0.060 | Oversample: 1.42x
[coverage] Game 12100 | unique_states_cumulative: 63482/65536 (96.9%) | last100_unique: 9607
Game 12200 | Score: 27 | Record: 52 | Mean Score: 4.14 | Epsilon: 0.02 | Intrinsic: 0.000 | BufTerm: 0.041 | SampTerm: 0.053 | Oversample: 1.29x
[coverage] Game 12200 | unique_states_cumulative: 63590/65536 (97.0%) | last100_unique: 11141
Game 12300 | Score: 15 | Record: 52 | Mean Score: 4.18 | Epsilon: 0.02 | Intrinsic: 0.000 | BufTerm: 0.041 | SampTerm: 0.065 | Oversample: 1.59x
[coverage] Game 12300 | unique_states_cumulative: 63660/65536 (97.1%) | last100_unique: 9499
Game 12400 | Score: 0 | Record: 52 | Mean Score: 4.26 | Epsilon: 0.02 | Intrinsic: 0.000 | BufTerm: 0.040 | SampTerm: 0.053 | Oversample: 1.34x
[coverage] Game 12400 | unique_states_cumulative: 63748/65536 (97.3%) | last100_unique: 13195
Game 12500 | Score: 14 | Record: 52 | Mean Score: 4.31 | Epsilon: 0.02 | Intrinsic: 0.000 | BufTerm: 0.040 | SampTerm: 0.053 | Oversample: 1.35x
[coverage] Game 12500 | unique_states_cumulative: 63823/65536 (97.4%) | last100_unique: 10528
Game 12600 | Score: 24 | Record: 54 | Mean Score: 4.37 | Epsilon: 0.02 | Intrinsic: 0.000 | BufTerm: 0.037 | SampTerm: 0.051 | Oversample: 1.38x
[coverage] Game 12600 | unique_states_cumulative: 63907/65536 (97.5%) | last100_unique: 11814
Game 12700 | Score: 32 | Record: 54 | Mean Score: 4.43 | Epsilon: 0.02 | Intrinsic: 0.000 | BufTerm: 0.035 | SampTerm: 0.044 | Oversample: 1.27x
[coverage] Game 12700 | unique_states_cumulative: 63976/65536 (97.6%) | last100_unique: 11919
Game 12800 | Score: 0 | Record: 54 | Mean Score: 4.48 | Epsilon: 0.02 | Intrinsic: 0.000 | BufTerm: 0.034 | SampTerm: 0.044 | Oversample: 1.28x
[coverage] Game 12800 | unique_states_cumulative: 64036/65536 (97.7%) | last100_unique: 11131
Game 12900 | Score: 37 | Record: 54 | Mean Score: 4.53 | Epsilon: 0.02 | Intrinsic: 0.000 | BufTerm: 0.034 | SampTerm: 0.047 | Oversample: 1.38x
[coverage] Game 12900 | unique_states_cumulative: 64072/65536 (97.8%) | last100_unique: 10108
Game 13000 | Score: 0 | Record: 54 | Mean Score: 4.57 | Epsilon: 0.02 | Intrinsic: 0.000 | BufTerm: 0.034 | SampTerm: 0.039 | Oversample: 1.15x
[coverage] Game 13000 | unique_states_cumulative: 64115/65536 (97.8%) | last100_unique: 10474
Game 13100 | Score: 4 | Record: 54 | Mean Score: 4.62 | Epsilon: 0.02 | Intrinsic: 0.000 | BufTerm: 0.035 | SampTerm: 0.051 | Oversample: 1.45x
[coverage] Game 13100 | unique_states_cumulative: 64157/65536 (97.9%) | last100_unique: 10787
Game 13200 | Score: 0 | Record: 54 | Mean Score: 4.67 | Epsilon: 0.02 | Intrinsic: 0.000 | BufTerm: 0.035 | SampTerm: 0.053 | Oversample: 1.55x
[coverage] Game 13200 | unique_states_cumulative: 64203/65536 (98.0%) | last100_unique: 11554
Game 13300 | Score: 13 | Record: 54 | Mean Score: 4.72 | Epsilon: 0.02 | Intrinsic: 0.000 | BufTerm: 0.035 | SampTerm: 0.047 | Oversample: 1.35x
[coverage] Game 13300 | unique_states_cumulative: 64261/65536 (98.1%) | last100_unique: 11497
Game 13400 | Score: 0 | Record: 54 | Mean Score: 4.76 | Epsilon: 0.02 | Intrinsic: 0.000 | BufTerm: 0.036 | SampTerm: 0.044 | Oversample: 1.23x
[coverage] Game 13400 | unique_states_cumulative: 64319/65536 (98.1%) | last100_unique: 9791
Game 13500 | Score: 0 | Record: 54 | Mean Score: 4.79 | Epsilon: 0.02 | Intrinsic: 0.000 | BufTerm: 0.037 | SampTerm: 0.048 | Oversample: 1.30x
[coverage] Game 13500 | unique_states_cumulative: 64367/65536 (98.2%) | last100_unique: 9750
Game 13600 | Score: 0 | Record: 55 | Mean Score: 4.85 | Epsilon: 0.02 | Intrinsic: 0.000 | BufTerm: 0.036 | SampTerm: 0.053 | Oversample: 1.49x
[coverage] Game 13600 | unique_states_cumulative: 64392/65536 (98.3%) | last100_unique: 12028
Game 13700 | Score: 0 | Record: 55 | Mean Score: 4.89 | Epsilon: 0.02 | Intrinsic: 0.000 | BufTerm: 0.035 | SampTerm: 0.043 | Oversample: 1.21x
[coverage] Game 13700 | unique_states_cumulative: 64417/65536 (98.3%) | last100_unique: 11271
Game 13800 | Score: 41 | Record: 55 | Mean Score: 4.94 | Epsilon: 0.02 | Intrinsic: 0.000 | BufTerm: 0.035 | SampTerm: 0.040 | Oversample: 1.15x
[coverage] Game 13800 | unique_states_cumulative: 64453/65536 (98.3%) | last100_unique: 11321
Game 13900 | Score: 15 | Record: 55 | Mean Score: 4.97 | Epsilon: 0.02 | Intrinsic: 0.000 | BufTerm: 0.036 | SampTerm: 0.059 | Oversample: 1.63x
[coverage] Game 13900 | unique_states_cumulative: 64482/65536 (98.4%) | last100_unique: 8961
[Game 14000] Final LR cooldown applied → 1e-5
Game 14000 | Score: 5 | Record: 55 | Mean Score: 5.01 | Epsilon: 0.02 | Intrinsic: 0.000 | BufTerm: 0.037 | SampTerm: 0.051 | Oversample: 1.38x
[coverage] Game 14000 | unique_states_cumulative: 64510/65536 (98.4%) | last100_unique: 10622
Game 14100 | Score: 13 | Record: 55 | Mean Score: 5.03 | Epsilon: 0.02 | Intrinsic: 0.000 | BufTerm: 0.037 | SampTerm: 0.053 | Oversample: 1.43x
[coverage] Game 14100 | unique_states_cumulative: 64541/65536 (98.5%) | last100_unique: 9091
Game 14200 | Score: 22 | Record: 55 | Mean Score: 5.07 | Epsilon: 0.02 | Intrinsic: 0.000 | BufTerm: 0.036 | SampTerm: 0.060 | Oversample: 1.65x
[coverage] Game 14200 | unique_states_cumulative: 64584/65536 (98.5%) | last100_unique: 10441
Game 14300 | Score: 0 | Record: 55 | Mean Score: 5.11 | Epsilon: 0.02 | Intrinsic: 0.000 | BufTerm: 0.037 | SampTerm: 0.056 | Oversample: 1.49x
[coverage] Game 14300 | unique_states_cumulative: 64603/65536 (98.6%) | last100_unique: 10542
Game 14400 | Score: 0 | Record: 55 | Mean Score: 5.16 | Epsilon: 0.02 | Intrinsic: 0.000 | BufTerm: 0.037 | SampTerm: 0.059 | Oversample: 1.58x
[coverage] Game 14400 | unique_states_cumulative: 64639/65536 (98.6%) | last100_unique: 11055
Game 14500 | Score: 0 | Record: 55 | Mean Score: 5.21 | Epsilon: 0.02 | Intrinsic: 0.000 | BufTerm: 0.036 | SampTerm: 0.044 | Oversample: 1.21x
[coverage] Game 14500 | unique_states_cumulative: 64673/65536 (98.7%) | last100_unique: 12240
Game 14600 | Score: 0 | Record: 55 | Mean Score: 5.25 | Epsilon: 0.02 | Intrinsic: 0.000 | BufTerm: 0.036 | SampTerm: 0.079 | Oversample: 2.18x
[coverage] Game 14600 | unique_states_cumulative: 64702/65536 (98.7%) | last100_unique: 10712
Game 14700 | Score: 0 | Record: 56 | Mean Score: 5.29 | Epsilon: 0.02 | Intrinsic: 0.000 | BufTerm: 0.035 | SampTerm: 0.051 | Oversample: 1.44x
[coverage] Game 14700 | unique_states_cumulative: 64739/65536 (98.8%) | last100_unique: 11507
Game 14800 | Score: 4 | Record: 56 | Mean Score: 5.32 | Epsilon: 0.02 | Intrinsic: 0.000 | BufTerm: 0.034 | SampTerm: 0.060 | Oversample: 1.75x
[coverage] Game 14800 | unique_states_cumulative: 64757/65536 (98.8%) | last100_unique: 10433
Game 14900 | Score: 0 | Record: 56 | Mean Score: 5.38 | Epsilon: 0.02 | Intrinsic: 0.000 | BufTerm: 0.034 | SampTerm: 0.052 | Oversample: 1.54x
[coverage] Game 14900 | unique_states_cumulative: 64779/65536 (98.8%) | last100_unique: 12414
Game 15000 | Score: 46 | Record: 56 | Mean Score: 5.42 | Epsilon: 0.02 | Intrinsic: 0.000 | BufTerm: 0.033 | SampTerm: 0.044 | Oversample: 1.33x
[coverage] Game 15000 | unique_states_cumulative: 64798/65536 (98.9%) | last100_unique: 11141
Game 15100 | Score: 0 | Record: 56 | Mean Score: 5.45 | Epsilon: 0.02 | Intrinsic: 0.000 | BufTerm: 0.034 | SampTerm: 0.051 | Oversample: 1.48x
[coverage] Game 15100 | unique_states_cumulative: 64817/65536 (98.9%) | last100_unique: 10568
Game 15200 | Score: 0 | Record: 58 | Mean Score: 5.48 | Epsilon: 0.02 | Intrinsic: 0.000 | BufTerm: 0.035 | SampTerm: 0.064 | Oversample: 1.81x
[coverage] Game 15200 | unique_states_cumulative: 64827/65536 (98.9%) | last100_unique: 9027
Game 15300 | Score: 0 | Record: 58 | Mean Score: 5.52 | Epsilon: 0.02 | Intrinsic: 0.000 | BufTerm: 0.035 | SampTerm: 0.049 | Oversample: 1.42x
[coverage] Game 15300 | unique_states_cumulative: 64855/65536 (99.0%) | last100_unique: 11630
Game 15400 | Score: 44 | Record: 58 | Mean Score: 5.57 | Epsilon: 0.02 | Intrinsic: 0.000 | BufTerm: 0.035 | SampTerm: 0.043 | Oversample: 1.23x
[coverage] Game 15400 | unique_states_cumulative: 64880/65536 (99.0%) | last100_unique: 12235
Game 15500 | Score: 0 | Record: 64 | Mean Score: 5.60 | Epsilon: 0.02 | Intrinsic: 0.000 | BufTerm: 0.034 | SampTerm: 0.051 | Oversample: 1.47x
[coverage] Game 15500 | unique_states_cumulative: 64893/65536 (99.0%) | last100_unique: 10928
Game 15600 | Score: 14 | Record: 64 | Mean Score: 5.64 | Epsilon: 0.02 | Intrinsic: 0.000 | BufTerm: 0.035 | SampTerm: 0.057 | Oversample: 1.65x
[coverage] Game 15600 | unique_states_cumulative: 64909/65536 (99.0%) | last100_unique: 11473
Game 15700 | Score: 38 | Record: 64 | Mean Score: 5.68 | Epsilon: 0.02 | Intrinsic: 0.000 | BufTerm: 0.035 | SampTerm: 0.052 | Oversample: 1.50x
[coverage] Game 15700 | unique_states_cumulative: 64925/65536 (99.1%) | last100_unique: 11264
Game 15800 | Score: 13 | Record: 64 | Mean Score: 5.73 | Epsilon: 0.02 | Intrinsic: 0.000 | BufTerm: 0.032 | SampTerm: 0.049 | Oversample: 1.54x
[coverage] Game 15800 | unique_states_cumulative: 64948/65536 (99.1%) | last100_unique: 14290
Game 15900 | Score: 0 | Record: 64 | Mean Score: 5.78 | Epsilon: 0.02 | Intrinsic: 0.000 | BufTerm: 0.031 | SampTerm: 0.069 | Oversample: 2.22x
[coverage] Game 15900 | unique_states_cumulative: 64964/65536 (99.1%) | last100_unique: 12610
Game 16000 | Score: 36 | Record: 64 | Mean Score: 5.82 | Epsilon: 0.02 | Intrinsic: 0.000 | BufTerm: 0.032 | SampTerm: 0.056 | Oversample: 1.76x
[coverage] Game 16000 | unique_states_cumulative: 64977/65536 (99.1%) | last100_unique: 11356

Training Complete!
Best Score: 64
Final Mean Score: 5.82
wandb: updating run metadata
wandb: uploading wandb-summary.json; uploading config.yaml; uploading output.log
wandb: uploading wandb-summary.json; uploading output.log
wandb: uploading history steps 159-159, summary, console lines 320-325
wandb: 
wandb: Run history:
wandb:        Buf_Terminal_Frac ▇▇█████▇▅▅▄▄▃▃▃▂▂▂▁▁▂▂▁▁▁▁▁▁▁▁▁▁▁▁▁▁▁▁▁▁
wandb:      Coverage_Cumulative ▁▁▁▂▂▂▂▂▂▃▃▃▃▃▃▄▄▄▆▆▇▇▇▇▇▇▇█████████████
wandb: Coverage_Cumulative_Frac ▁▁▁▂▂▂▃▃▃▃▃▃▃▄▄▄▄▅▅▅▆▆▆▆▇▇██████████████
wandb:       Coverage_Window100 ▁▁▁▁▁▁▁▁▁▁▂▂▂▂▂▃▃▄▆▆▆▅▅▆▆▇▆▆▇▆▆█▆▇▆▆▇▆▆█
wandb:                  Epsilon ██▇▆▆▅▅▅▅▅▄▄▄▄▃▃▂▂▂▁▁▁▁▁▁▁▁▁▁▁▁▁▁▁▁▁▁▁▁▁
wandb:                     Game ▁▁▁▁▁▂▂▂▂▃▃▃▃▃▃▄▄▄▄▄▅▅▅▅▅▆▆▆▆▆▇▇▇▇▇▇▇███
wandb:               Mean_Score ▁▁▁▁▁▁▁▁▁▁▁▁▁▂▂▂▂▃▃▃▄▄▅▅▅▅▅▆▆▆▆▆▆▇▇▇▇███
wandb:                   Record ▁▁▁▁▁▁▂▂▂▂▂▂▂▃▃▃▃▃▄▅▆▆▇▇▇▇▇▇▇▇▇▇▇▇▇▇▇▇▇█
wandb:     Sample_Terminal_Frac ▇▆▇▇▇████▆██▇█▆▇█▆▇▇▆▇▅▅▅▄▂▂▁▂▂▂▂▂▂▂▁▃▁▂
wandb:                    Score ▁▁▁▁▁▁▁▁▁▁▁▁▁▁▁▁▂▁▂▂▁▁▅▅▅▄▁▅▅▄▇▆▁▆▁▄▅▁▁█
wandb:                       +1 ...
wandb: 
wandb: Run summary:
wandb:        Buf_Terminal_Frac 0.0318
wandb:      Coverage_Cumulative 64977
wandb: Coverage_Cumulative_Frac 0.99147
wandb:       Coverage_Window100 11356
wandb:                  Epsilon 0.02
wandb:                     Game 16000
wandb:               Mean_Score 5.82019
wandb:                   Record 64
wandb:     Sample_Terminal_Frac 0.056
wandb:                    Score 36
wandb:                       +1 ...
wandb: 
wandb: 🚀 View run FeatureDQN_v2_16x16_dense_seed0 at: https://wandb.ai/saheb37/rl-snake/runs/qklfmyys
wandb: ⭐️ View project at: https://wandb.ai/saheb37/rl-snake
wandb: Synced 5 W&B file(s), 0 media file(s), 0 artifact file(s) and 0 other file(s)
wandb: Find logs at: ./wandb/run-20260517_020054-qklfmyys/logs
--- FeatureDQN_v2_16x16_dense_seed0 done ---
=== FeatureDQN_v2_16x16_dense_seed1 ===
/Users/saheb/home/rl-snake/.venv/lib/python3.9/site-packages/urllib3/__init__.py:35: NotOpenSSLWarning: urllib3 v2 only supports OpenSSL 1.1.1+, currently the 'ssl' module is compiled with 'LibreSSL 2.8.3'. See: https://github.com/urllib3/urllib3/issues/3020
  warnings.warn(
wandb: [wandb.login()] Loaded credentials for https://api.wandb.ai from /Users/saheb/.netrc.
wandb: Currently logged in as: saheb37 to https://api.wandb.ai. Use `wandb login --relogin` to force relogin
wandb: setting up run kui12ss8
wandb: Tracking run with wandb version 0.26.0
wandb: Run data is saved locally in /Users/saheb/home/rl-snake/wandb/run-20260517_054820-kui12ss8
wandb: Run `wandb offline` to turn off syncing.
wandb: Syncing run FeatureDQN_v2_16x16_dense_seed1
wandb: ⭐️ View project at https://wandb.ai/saheb37/rl-snake
wandb: 🚀 View run at https://wandb.ai/saheb37/rl-snake/runs/kui12ss8
Starting Baseline DQN Training (Dueling + 3-Step) on 16x16 Board...
Game 100 | Score: 0 | Record: 1 | Mean Score: 0.04 | Epsilon: 0.99 | Intrinsic: 0.000 | BufTerm: 0.202 | SampTerm: 0.188 | Oversample: 0.93x
[coverage] Game 100 | unique_states_cumulative: 1654/65536 (2.5%) | last100_unique: 1654
Game 200 | Score: 0 | Record: 2 | Mean Score: 0.04 | Epsilon: 0.98 | Intrinsic: 0.000 | BufTerm: 0.205 | SampTerm: 0.169 | Oversample: 0.82x
[coverage] Game 200 | unique_states_cumulative: 3110/65536 (4.7%) | last100_unique: 1591
Game 300 | Score: 0 | Record: 2 | Mean Score: 0.06 | Epsilon: 0.96 | Intrinsic: 0.000 | BufTerm: 0.202 | SampTerm: 0.181 | Oversample: 0.90x
[coverage] Game 300 | unique_states_cumulative: 4582/65536 (7.0%) | last100_unique: 1717
Game 400 | Score: 0 | Record: 2 | Mean Score: 0.06 | Epsilon: 0.95 | Intrinsic: 0.000 | BufTerm: 0.204 | SampTerm: 0.185 | Oversample: 0.91x
[coverage] Game 400 | unique_states_cumulative: 5742/65536 (8.8%) | last100_unique: 1602
Game 500 | Score: 0 | Record: 2 | Mean Score: 0.06 | Epsilon: 0.94 | Intrinsic: 0.000 | BufTerm: 0.207 | SampTerm: 0.159 | Oversample: 0.77x
[coverage] Game 500 | unique_states_cumulative: 6818/65536 (10.4%) | last100_unique: 1575
Game 600 | Score: 0 | Record: 2 | Mean Score: 0.06 | Epsilon: 0.93 | Intrinsic: 0.000 | BufTerm: 0.210 | SampTerm: 0.176 | Oversample: 0.84x
[coverage] Game 600 | unique_states_cumulative: 7763/65536 (11.8%) | last100_unique: 1465
Game 700 | Score: 0 | Record: 2 | Mean Score: 0.06 | Epsilon: 0.91 | Intrinsic: 0.000 | BufTerm: 0.211 | SampTerm: 0.152 | Oversample: 0.72x
[coverage] Game 700 | unique_states_cumulative: 8746/65536 (13.3%) | last100_unique: 1633
Game 800 | Score: 0 | Record: 2 | Mean Score: 0.06 | Epsilon: 0.90 | Intrinsic: 0.000 | BufTerm: 0.212 | SampTerm: 0.171 | Oversample: 0.80x
[coverage] Game 800 | unique_states_cumulative: 9635/65536 (14.7%) | last100_unique: 1566
Game 900 | Score: 0 | Record: 2 | Mean Score: 0.06 | Epsilon: 0.89 | Intrinsic: 0.000 | BufTerm: 0.214 | SampTerm: 0.172 | Oversample: 0.80x
[coverage] Game 900 | unique_states_cumulative: 10410/65536 (15.9%) | last100_unique: 1488
Game 1000 | Score: 0 | Record: 2 | Mean Score: 0.07 | Epsilon: 0.88 | Intrinsic: 0.000 | BufTerm: 0.215 | SampTerm: 0.167 | Oversample: 0.78x
[coverage] Game 1000 | unique_states_cumulative: 11221/65536 (17.1%) | last100_unique: 1565
Game 1100 | Score: 0 | Record: 2 | Mean Score: 0.07 | Epsilon: 0.87 | Intrinsic: 0.000 | BufTerm: 0.217 | SampTerm: 0.177 | Oversample: 0.82x
[coverage] Game 1100 | unique_states_cumulative: 11846/65536 (18.1%) | last100_unique: 1425
Game 1200 | Score: 0 | Record: 2 | Mean Score: 0.07 | Epsilon: 0.85 | Intrinsic: 0.000 | BufTerm: 0.217 | SampTerm: 0.157 | Oversample: 0.72x
[coverage] Game 1200 | unique_states_cumulative: 12492/65536 (19.1%) | last100_unique: 1555
Game 1300 | Score: 1 | Record: 2 | Mean Score: 0.07 | Epsilon: 0.84 | Intrinsic: 0.000 | BufTerm: 0.220 | SampTerm: 0.155 | Oversample: 0.70x
[coverage] Game 1300 | unique_states_cumulative: 12946/65536 (19.8%) | last100_unique: 1373
Game 1400 | Score: 0 | Record: 2 | Mean Score: 0.07 | Epsilon: 0.83 | Intrinsic: 0.000 | BufTerm: 0.222 | SampTerm: 0.180 | Oversample: 0.81x
[coverage] Game 1400 | unique_states_cumulative: 13440/65536 (20.5%) | last100_unique: 1434
Game 1500 | Score: 1 | Record: 3 | Mean Score: 0.08 | Epsilon: 0.82 | Intrinsic: 0.000 | BufTerm: 0.222 | SampTerm: 0.169 | Oversample: 0.76x
[coverage] Game 1500 | unique_states_cumulative: 14046/65536 (21.4%) | last100_unique: 1624
Game 1600 | Score: 0 | Record: 3 | Mean Score: 0.08 | Epsilon: 0.80 | Intrinsic: 0.000 | BufTerm: 0.223 | SampTerm: 0.191 | Oversample: 0.85x
[coverage] Game 1600 | unique_states_cumulative: 14538/65536 (22.2%) | last100_unique: 1423
Game 1700 | Score: 0 | Record: 3 | Mean Score: 0.08 | Epsilon: 0.79 | Intrinsic: 0.000 | BufTerm: 0.224 | SampTerm: 0.171 | Oversample: 0.76x
[coverage] Game 1700 | unique_states_cumulative: 15009/65536 (22.9%) | last100_unique: 1465
Game 1800 | Score: 0 | Record: 4 | Mean Score: 0.08 | Epsilon: 0.78 | Intrinsic: 0.000 | BufTerm: 0.226 | SampTerm: 0.177 | Oversample: 0.79x
[coverage] Game 1800 | unique_states_cumulative: 15438/65536 (23.6%) | last100_unique: 1432
Game 1900 | Score: 0 | Record: 4 | Mean Score: 0.08 | Epsilon: 0.77 | Intrinsic: 0.000 | BufTerm: 0.228 | SampTerm: 0.176 | Oversample: 0.77x
[coverage] Game 1900 | unique_states_cumulative: 15787/65536 (24.1%) | last100_unique: 1353
Game 2000 | Score: 0 | Record: 4 | Mean Score: 0.08 | Epsilon: 0.76 | Intrinsic: 0.000 | BufTerm: 0.229 | SampTerm: 0.152 | Oversample: 0.66x
[coverage] Game 2000 | unique_states_cumulative: 16171/65536 (24.7%) | last100_unique: 1405
Game 2100 | Score: 0 | Record: 4 | Mean Score: 0.08 | Epsilon: 0.74 | Intrinsic: 0.000 | BufTerm: 0.231 | SampTerm: 0.181 | Oversample: 0.79x
[coverage] Game 2100 | unique_states_cumulative: 16517/65536 (25.2%) | last100_unique: 1343
Game 2200 | Score: 0 | Record: 4 | Mean Score: 0.08 | Epsilon: 0.73 | Intrinsic: 0.000 | BufTerm: 0.231 | SampTerm: 0.169 | Oversample: 0.73x
[coverage] Game 2200 | unique_states_cumulative: 17021/65536 (26.0%) | last100_unique: 1544
Game 2300 | Score: 0 | Record: 4 | Mean Score: 0.09 | Epsilon: 0.72 | Intrinsic: 0.000 | BufTerm: 0.232 | SampTerm: 0.177 | Oversample: 0.76x
[coverage] Game 2300 | unique_states_cumulative: 17328/65536 (26.4%) | last100_unique: 1382
Game 2400 | Score: 0 | Record: 4 | Mean Score: 0.08 | Epsilon: 0.71 | Intrinsic: 0.000 | BufTerm: 0.234 | SampTerm: 0.165 | Oversample: 0.71x
[coverage] Game 2400 | unique_states_cumulative: 17540/65536 (26.8%) | last100_unique: 1240
Game 2500 | Score: 0 | Record: 4 | Mean Score: 0.09 | Epsilon: 0.69 | Intrinsic: 0.000 | BufTerm: 0.234 | SampTerm: 0.176 | Oversample: 0.75x
[coverage] Game 2500 | unique_states_cumulative: 18062/65536 (27.6%) | last100_unique: 1600
Game 2600 | Score: 0 | Record: 4 | Mean Score: 0.09 | Epsilon: 0.68 | Intrinsic: 0.000 | BufTerm: 0.234 | SampTerm: 0.167 | Oversample: 0.71x
[coverage] Game 2600 | unique_states_cumulative: 18488/65536 (28.2%) | last100_unique: 1618
Game 2700 | Score: 0 | Record: 4 | Mean Score: 0.09 | Epsilon: 0.67 | Intrinsic: 0.000 | BufTerm: 0.235 | SampTerm: 0.187 | Oversample: 0.80x
[coverage] Game 2700 | unique_states_cumulative: 18806/65536 (28.7%) | last100_unique: 1350
Game 2800 | Score: 2 | Record: 4 | Mean Score: 0.09 | Epsilon: 0.66 | Intrinsic: 0.000 | BufTerm: 0.237 | SampTerm: 0.204 | Oversample: 0.86x
[coverage] Game 2800 | unique_states_cumulative: 18970/65536 (28.9%) | last100_unique: 1213
Game 2900 | Score: 0 | Record: 4 | Mean Score: 0.09 | Epsilon: 0.64 | Intrinsic: 0.000 | BufTerm: 0.238 | SampTerm: 0.203 | Oversample: 0.85x
[coverage] Game 2900 | unique_states_cumulative: 19252/65536 (29.4%) | last100_unique: 1360
Game 3000 | Score: 0 | Record: 6 | Mean Score: 0.10 | Epsilon: 0.63 | Intrinsic: 0.000 | BufTerm: 0.237 | SampTerm: 0.196 | Oversample: 0.83x
[coverage] Game 3000 | unique_states_cumulative: 19703/65536 (30.1%) | last100_unique: 1661
Game 3100 | Score: 0 | Record: 6 | Mean Score: 0.10 | Epsilon: 0.62 | Intrinsic: 0.000 | BufTerm: 0.238 | SampTerm: 0.180 | Oversample: 0.76x
[coverage] Game 3100 | unique_states_cumulative: 20055/65536 (30.6%) | last100_unique: 1417
Game 3200 | Score: 0 | Record: 6 | Mean Score: 0.11 | Epsilon: 0.61 | Intrinsic: 0.000 | BufTerm: 0.239 | SampTerm: 0.160 | Oversample: 0.67x
[coverage] Game 3200 | unique_states_cumulative: 20453/65536 (31.2%) | last100_unique: 1535
Game 3300 | Score: 1 | Record: 6 | Mean Score: 0.12 | Epsilon: 0.60 | Intrinsic: 0.000 | BufTerm: 0.237 | SampTerm: 0.175 | Oversample: 0.74x
[coverage] Game 3300 | unique_states_cumulative: 21036/65536 (32.1%) | last100_unique: 1873
Game 3400 | Score: 0 | Record: 7 | Mean Score: 0.13 | Epsilon: 0.58 | Intrinsic: 0.000 | BufTerm: 0.236 | SampTerm: 0.193 | Oversample: 0.82x
[coverage] Game 3400 | unique_states_cumulative: 21612/65536 (33.0%) | last100_unique: 1910
Game 3500 | Score: 0 | Record: 7 | Mean Score: 0.14 | Epsilon: 0.57 | Intrinsic: 0.000 | BufTerm: 0.236 | SampTerm: 0.155 | Oversample: 0.65x
[coverage] Game 3500 | unique_states_cumulative: 22006/65536 (33.6%) | last100_unique: 1643
Game 3600 | Score: 0 | Record: 7 | Mean Score: 0.15 | Epsilon: 0.56 | Intrinsic: 0.000 | BufTerm: 0.236 | SampTerm: 0.180 | Oversample: 0.76x
[coverage] Game 3600 | unique_states_cumulative: 22411/65536 (34.2%) | last100_unique: 1580
Game 3700 | Score: 2 | Record: 7 | Mean Score: 0.16 | Epsilon: 0.55 | Intrinsic: 0.000 | BufTerm: 0.236 | SampTerm: 0.197 | Oversample: 0.84x
[coverage] Game 3700 | unique_states_cumulative: 22931/65536 (35.0%) | last100_unique: 1833
Game 3800 | Score: 4 | Record: 7 | Mean Score: 0.17 | Epsilon: 0.53 | Intrinsic: 0.000 | BufTerm: 0.235 | SampTerm: 0.172 | Oversample: 0.73x
[coverage] Game 3800 | unique_states_cumulative: 23472/65536 (35.8%) | last100_unique: 1883
Game 3900 | Score: 0 | Record: 7 | Mean Score: 0.17 | Epsilon: 0.52 | Intrinsic: 0.000 | BufTerm: 0.234 | SampTerm: 0.183 | Oversample: 0.78x
[coverage] Game 3900 | unique_states_cumulative: 24054/65536 (36.7%) | last100_unique: 1869
Game 4000 | Score: 0 | Record: 7 | Mean Score: 0.19 | Epsilon: 0.51 | Intrinsic: 0.000 | BufTerm: 0.232 | SampTerm: 0.185 | Oversample: 0.80x
[coverage] Game 4000 | unique_states_cumulative: 24675/65536 (37.7%) | last100_unique: 2289
Game 4100 | Score: 0 | Record: 9 | Mean Score: 0.20 | Epsilon: 0.50 | Intrinsic: 0.000 | BufTerm: 0.230 | SampTerm: 0.189 | Oversample: 0.82x
[coverage] Game 4100 | unique_states_cumulative: 25172/65536 (38.4%) | last100_unique: 2123
Game 4200 | Score: 0 | Record: 9 | Mean Score: 0.22 | Epsilon: 0.49 | Intrinsic: 0.000 | BufTerm: 0.229 | SampTerm: 0.152 | Oversample: 0.66x
[coverage] Game 4200 | unique_states_cumulative: 25764/65536 (39.3%) | last100_unique: 2166
Game 4300 | Score: 0 | Record: 9 | Mean Score: 0.22 | Epsilon: 0.47 | Intrinsic: 0.000 | BufTerm: 0.229 | SampTerm: 0.184 | Oversample: 0.80x
[coverage] Game 4300 | unique_states_cumulative: 26189/65536 (40.0%) | last100_unique: 1725
Game 4400 | Score: 0 | Record: 9 | Mean Score: 0.24 | Epsilon: 0.46 | Intrinsic: 0.000 | BufTerm: 0.228 | SampTerm: 0.173 | Oversample: 0.76x
[coverage] Game 4400 | unique_states_cumulative: 26805/65536 (40.9%) | last100_unique: 2267
Game 4500 | Score: 2 | Record: 9 | Mean Score: 0.26 | Epsilon: 0.45 | Intrinsic: 0.000 | BufTerm: 0.225 | SampTerm: 0.203 | Oversample: 0.90x
[coverage] Game 4500 | unique_states_cumulative: 27606/65536 (42.1%) | last100_unique: 2750
Game 4600 | Score: 0 | Record: 9 | Mean Score: 0.28 | Epsilon: 0.44 | Intrinsic: 0.000 | BufTerm: 0.224 | SampTerm: 0.151 | Oversample: 0.67x
[coverage] Game 4600 | unique_states_cumulative: 28327/65536 (43.2%) | last100_unique: 2463
Game 4700 | Score: 1 | Record: 9 | Mean Score: 0.29 | Epsilon: 0.42 | Intrinsic: 0.000 | BufTerm: 0.223 | SampTerm: 0.195 | Oversample: 0.87x
[coverage] Game 4700 | unique_states_cumulative: 29014/65536 (44.3%) | last100_unique: 2422
Game 4800 | Score: 0 | Record: 9 | Mean Score: 0.32 | Epsilon: 0.41 | Intrinsic: 0.000 | BufTerm: 0.220 | SampTerm: 0.208 | Oversample: 0.95x
[coverage] Game 4800 | unique_states_cumulative: 29970/65536 (45.7%) | last100_unique: 3164
Game 4900 | Score: 8 | Record: 9 | Mean Score: 0.34 | Epsilon: 0.40 | Intrinsic: 0.000 | BufTerm: 0.218 | SampTerm: 0.172 | Oversample: 0.79x
[coverage] Game 4900 | unique_states_cumulative: 30662/65536 (46.8%) | last100_unique: 2637
Game 5000 | Score: 5 | Record: 9 | Mean Score: 0.36 | Epsilon: 0.39 | Intrinsic: 0.000 | BufTerm: 0.216 | SampTerm: 0.199 | Oversample: 0.92x
[coverage] Game 5000 | unique_states_cumulative: 31276/65536 (47.7%) | last100_unique: 2637
Game 5100 | Score: 3 | Record: 9 | Mean Score: 0.37 | Epsilon: 0.38 | Intrinsic: 0.000 | BufTerm: 0.215 | SampTerm: 0.192 | Oversample: 0.89x
[coverage] Game 5100 | unique_states_cumulative: 31707/65536 (48.4%) | last100_unique: 2139
Game 5200 | Score: 3 | Record: 16 | Mean Score: 0.39 | Epsilon: 0.36 | Intrinsic: 0.000 | BufTerm: 0.212 | SampTerm: 0.183 | Oversample: 0.86x
[coverage] Game 5200 | unique_states_cumulative: 32450/65536 (49.5%) | last100_unique: 2702
Game 5300 | Score: 0 | Record: 16 | Mean Score: 0.41 | Epsilon: 0.35 | Intrinsic: 0.000 | BufTerm: 0.210 | SampTerm: 0.180 | Oversample: 0.86x
[coverage] Game 5300 | unique_states_cumulative: 33077/65536 (50.5%) | last100_unique: 2631
Game 5400 | Score: 0 | Record: 16 | Mean Score: 0.43 | Epsilon: 0.34 | Intrinsic: 0.000 | BufTerm: 0.206 | SampTerm: 0.199 | Oversample: 0.96x
[coverage] Game 5400 | unique_states_cumulative: 33756/65536 (51.5%) | last100_unique: 3073
Game 5500 | Score: 0 | Record: 16 | Mean Score: 0.44 | Epsilon: 0.33 | Intrinsic: 0.000 | BufTerm: 0.204 | SampTerm: 0.168 | Oversample: 0.82x
[coverage] Game 5500 | unique_states_cumulative: 34214/65536 (52.2%) | last100_unique: 2383
Game 5600 | Score: 0 | Record: 16 | Mean Score: 0.47 | Epsilon: 0.31 | Intrinsic: 0.000 | BufTerm: 0.201 | SampTerm: 0.181 | Oversample: 0.90x
[coverage] Game 5600 | unique_states_cumulative: 34896/65536 (53.2%) | last100_unique: 3038
Game 5700 | Score: 0 | Record: 16 | Mean Score: 0.49 | Epsilon: 0.30 | Intrinsic: 0.000 | BufTerm: 0.196 | SampTerm: 0.209 | Oversample: 1.07x
[coverage] Game 5700 | unique_states_cumulative: 35656/65536 (54.4%) | last100_unique: 3347
Game 5800 | Score: 0 | Record: 16 | Mean Score: 0.52 | Epsilon: 0.29 | Intrinsic: 0.000 | BufTerm: 0.191 | SampTerm: 0.151 | Oversample: 0.79x
[coverage] Game 5800 | unique_states_cumulative: 36352/65536 (55.5%) | last100_unique: 3325
Game 5900 | Score: 0 | Record: 16 | Mean Score: 0.53 | Epsilon: 0.28 | Intrinsic: 0.000 | BufTerm: 0.188 | SampTerm: 0.161 | Oversample: 0.86x
[coverage] Game 5900 | unique_states_cumulative: 36758/65536 (56.1%) | last100_unique: 2449
Game 6000 | Score: 0 | Record: 16 | Mean Score: 0.55 | Epsilon: 0.27 | Intrinsic: 0.000 | BufTerm: 0.183 | SampTerm: 0.188 | Oversample: 1.03x
[coverage] Game 6000 | unique_states_cumulative: 37319/65536 (56.9%) | last100_unique: 3301
Game 6100 | Score: 0 | Record: 16 | Mean Score: 0.59 | Epsilon: 0.25 | Intrinsic: 0.000 | BufTerm: 0.177 | SampTerm: 0.183 | Oversample: 1.03x
[coverage] Game 6100 | unique_states_cumulative: 38156/65536 (58.2%) | last100_unique: 3928
Game 6200 | Score: 0 | Record: 16 | Mean Score: 0.61 | Epsilon: 0.24 | Intrinsic: 0.000 | BufTerm: 0.171 | SampTerm: 0.177 | Oversample: 1.04x
[coverage] Game 6200 | unique_states_cumulative: 38769/65536 (59.2%) | last100_unique: 3420
Game 6300 | Score: 0 | Record: 19 | Mean Score: 0.64 | Epsilon: 0.23 | Intrinsic: 0.000 | BufTerm: 0.165 | SampTerm: 0.165 | Oversample: 1.00x
[coverage] Game 6300 | unique_states_cumulative: 39398/65536 (60.1%) | last100_unique: 3802
Game 6400 | Score: 0 | Record: 19 | Mean Score: 0.65 | Epsilon: 0.22 | Intrinsic: 0.000 | BufTerm: 0.162 | SampTerm: 0.164 | Oversample: 1.01x
[coverage] Game 6400 | unique_states_cumulative: 39691/65536 (60.6%) | last100_unique: 2433
Game 6500 | Score: 0 | Record: 19 | Mean Score: 0.68 | Epsilon: 0.20 | Intrinsic: 0.000 | BufTerm: 0.158 | SampTerm: 0.191 | Oversample: 1.21x
[coverage] Game 6500 | unique_states_cumulative: 40380/65536 (61.6%) | last100_unique: 3952
Game 6600 | Score: 2 | Record: 19 | Mean Score: 0.71 | Epsilon: 0.19 | Intrinsic: 0.000 | BufTerm: 0.153 | SampTerm: 0.148 | Oversample: 0.97x
[coverage] Game 6600 | unique_states_cumulative: 40986/65536 (62.5%) | last100_unique: 3682
Game 6700 | Score: 6 | Record: 21 | Mean Score: 0.75 | Epsilon: 0.18 | Intrinsic: 0.000 | BufTerm: 0.146 | SampTerm: 0.139 | Oversample: 0.95x
[coverage] Game 6700 | unique_states_cumulative: 41777/65536 (63.7%) | last100_unique: 4422
Game 6800 | Score: 15 | Record: 25 | Mean Score: 0.78 | Epsilon: 0.17 | Intrinsic: 0.000 | BufTerm: 0.142 | SampTerm: 0.133 | Oversample: 0.94x
[coverage] Game 6800 | unique_states_cumulative: 42377/65536 (64.7%) | last100_unique: 4132
Game 6900 | Score: 0 | Record: 25 | Mean Score: 0.81 | Epsilon: 0.15 | Intrinsic: 0.000 | BufTerm: 0.138 | SampTerm: 0.155 | Oversample: 1.12x
[coverage] Game 6900 | unique_states_cumulative: 43010/65536 (65.6%) | last100_unique: 4234
Game 7000 | Score: 4 | Record: 25 | Mean Score: 0.84 | Epsilon: 0.14 | Intrinsic: 0.000 | BufTerm: 0.134 | SampTerm: 0.152 | Oversample: 1.14x
[coverage] Game 7000 | unique_states_cumulative: 43619/65536 (66.6%) | last100_unique: 4120
Game 7100 | Score: 3 | Record: 25 | Mean Score: 0.88 | Epsilon: 0.13 | Intrinsic: 0.000 | BufTerm: 0.130 | SampTerm: 0.147 | Oversample: 1.13x
[coverage] Game 7100 | unique_states_cumulative: 44289/65536 (67.6%) | last100_unique: 4724
Game 7200 | Score: 0 | Record: 28 | Mean Score: 0.93 | Epsilon: 0.12 | Intrinsic: 0.000 | BufTerm: 0.125 | SampTerm: 0.149 | Oversample: 1.20x
[coverage] Game 7200 | unique_states_cumulative: 44983/65536 (68.6%) | last100_unique: 5181
Game 7300 | Score: 0 | Record: 28 | Mean Score: 0.98 | Epsilon: 0.11 | Intrinsic: 0.000 | BufTerm: 0.120 | SampTerm: 0.143 | Oversample: 1.19x
[coverage] Game 7300 | unique_states_cumulative: 45758/65536 (69.8%) | last100_unique: 5754
Game 7400 | Score: 14 | Record: 28 | Mean Score: 1.03 | Epsilon: 0.09 | Intrinsic: 0.000 | BufTerm: 0.115 | SampTerm: 0.148 | Oversample: 1.29x
[coverage] Game 7400 | unique_states_cumulative: 46372/65536 (70.8%) | last100_unique: 5036
Game 7500 | Score: 0 | Record: 28 | Mean Score: 1.09 | Epsilon: 0.08 | Intrinsic: 0.000 | BufTerm: 0.108 | SampTerm: 0.145 | Oversample: 1.34x
[coverage] Game 7500 | unique_states_cumulative: 47131/65536 (71.9%) | last100_unique: 6209
Game 7600 | Score: 5 | Record: 37 | Mean Score: 1.13 | Epsilon: 0.07 | Intrinsic: 0.000 | BufTerm: 0.104 | SampTerm: 0.127 | Oversample: 1.22x
[coverage] Game 7600 | unique_states_cumulative: 47706/65536 (72.8%) | last100_unique: 5264
Game 7700 | Score: 0 | Record: 37 | Mean Score: 1.21 | Epsilon: 0.06 | Intrinsic: 0.000 | BufTerm: 0.098 | SampTerm: 0.117 | Oversample: 1.20x
[coverage] Game 7700 | unique_states_cumulative: 48609/65536 (74.2%) | last100_unique: 7537
Game 7800 | Score: 0 | Record: 37 | Mean Score: 1.31 | Epsilon: 0.04 | Intrinsic: 0.000 | BufTerm: 0.086 | SampTerm: 0.117 | Oversample: 1.36x
[coverage] Game 7800 | unique_states_cumulative: 49645/65536 (75.8%) | last100_unique: 9205
Game 7900 | Score: 0 | Record: 37 | Mean Score: 1.39 | Epsilon: 0.03 | Intrinsic: 0.000 | BufTerm: 0.079 | SampTerm: 0.099 | Oversample: 1.25x
[coverage] Game 7900 | unique_states_cumulative: 50513/65536 (77.1%) | last100_unique: 8162
Game 8000 | Score: 0 | Record: 42 | Mean Score: 1.49 | Epsilon: 0.02 | Intrinsic: 0.000 | BufTerm: 0.070 | SampTerm: 0.092 | Oversample: 1.32x
[coverage] Game 8000 | unique_states_cumulative: 51380/65536 (78.4%) | last100_unique: 8952
Game 8100 | Score: 0 | Record: 42 | Mean Score: 1.57 | Epsilon: 0.02 | Intrinsic: 0.000 | BufTerm: 0.065 | SampTerm: 0.081 | Oversample: 1.26x
[coverage] Game 8100 | unique_states_cumulative: 52133/65536 (79.5%) | last100_unique: 8095
Game 8200 | Score: 0 | Record: 42 | Mean Score: 1.64 | Epsilon: 0.02 | Intrinsic: 0.000 | BufTerm: 0.060 | SampTerm: 0.092 | Oversample: 1.54x
[coverage] Game 8200 | unique_states_cumulative: 52810/65536 (80.6%) | last100_unique: 7974
Game 8300 | Score: 0 | Record: 42 | Mean Score: 1.73 | Epsilon: 0.02 | Intrinsic: 0.000 | BufTerm: 0.055 | SampTerm: 0.092 | Oversample: 1.67x
[coverage] Game 8300 | unique_states_cumulative: 53444/65536 (81.5%) | last100_unique: 8874
Game 8400 | Score: 24 | Record: 42 | Mean Score: 1.81 | Epsilon: 0.02 | Intrinsic: 0.000 | BufTerm: 0.053 | SampTerm: 0.076 | Oversample: 1.44x
[coverage] Game 8400 | unique_states_cumulative: 54006/65536 (82.4%) | last100_unique: 7687
Game 8500 | Score: 12 | Record: 42 | Mean Score: 1.88 | Epsilon: 0.02 | Intrinsic: 0.000 | BufTerm: 0.050 | SampTerm: 0.091 | Oversample: 1.82x
[coverage] Game 8500 | unique_states_cumulative: 54691/65536 (83.5%) | last100_unique: 8726
Game 8600 | Score: 0 | Record: 42 | Mean Score: 1.95 | Epsilon: 0.02 | Intrinsic: 0.000 | BufTerm: 0.048 | SampTerm: 0.068 | Oversample: 1.41x
[coverage] Game 8600 | unique_states_cumulative: 55150/65536 (84.2%) | last100_unique: 7667
Game 8700 | Score: 0 | Record: 42 | Mean Score: 2.03 | Epsilon: 0.02 | Intrinsic: 0.000 | BufTerm: 0.048 | SampTerm: 0.071 | Oversample: 1.49x
[coverage] Game 8700 | unique_states_cumulative: 55717/65536 (85.0%) | last100_unique: 8964
Game 8800 | Score: 21 | Record: 42 | Mean Score: 2.14 | Epsilon: 0.02 | Intrinsic: 0.000 | BufTerm: 0.046 | SampTerm: 0.064 | Oversample: 1.38x
[coverage] Game 8800 | unique_states_cumulative: 56313/65536 (85.9%) | last100_unique: 10578
Game 8900 | Score: 0 | Record: 42 | Mean Score: 2.24 | Epsilon: 0.02 | Intrinsic: 0.000 | BufTerm: 0.045 | SampTerm: 0.063 | Oversample: 1.39x
[coverage] Game 8900 | unique_states_cumulative: 56901/65536 (86.8%) | last100_unique: 10414
Game 9000 | Score: 11 | Record: 42 | Mean Score: 2.30 | Epsilon: 0.02 | Intrinsic: 0.000 | BufTerm: 0.045 | SampTerm: 0.047 | Oversample: 1.04x
[coverage] Game 9000 | unique_states_cumulative: 57329/65536 (87.5%) | last100_unique: 8220
Game 9100 | Score: 0 | Record: 42 | Mean Score: 2.37 | Epsilon: 0.02 | Intrinsic: 0.000 | BufTerm: 0.044 | SampTerm: 0.073 | Oversample: 1.67x
[coverage] Game 9100 | unique_states_cumulative: 57757/65536 (88.1%) | last100_unique: 8825
Game 9200 | Score: 28 | Record: 42 | Mean Score: 2.45 | Epsilon: 0.02 | Intrinsic: 0.000 | BufTerm: 0.044 | SampTerm: 0.056 | Oversample: 1.28x
[coverage] Game 9200 | unique_states_cumulative: 58176/65536 (88.8%) | last100_unique: 9663
Game 9300 | Score: 15 | Record: 42 | Mean Score: 2.51 | Epsilon: 0.02 | Intrinsic: 0.000 | BufTerm: 0.044 | SampTerm: 0.064 | Oversample: 1.46x
[coverage] Game 9300 | unique_states_cumulative: 58492/65536 (89.3%) | last100_unique: 7668
Game 9400 | Score: 26 | Record: 42 | Mean Score: 2.57 | Epsilon: 0.02 | Intrinsic: 0.000 | BufTerm: 0.044 | SampTerm: 0.056 | Oversample: 1.27x
[coverage] Game 9400 | unique_states_cumulative: 58796/65536 (89.7%) | last100_unique: 8346
Game 9500 | Score: 0 | Record: 42 | Mean Score: 2.64 | Epsilon: 0.02 | Intrinsic: 0.000 | BufTerm: 0.043 | SampTerm: 0.055 | Oversample: 1.28x
[coverage] Game 9500 | unique_states_cumulative: 59161/65536 (90.3%) | last100_unique: 9792
Game 9600 | Score: 18 | Record: 48 | Mean Score: 2.72 | Epsilon: 0.02 | Intrinsic: 0.000 | BufTerm: 0.043 | SampTerm: 0.061 | Oversample: 1.44x
[coverage] Game 9600 | unique_states_cumulative: 59477/65536 (90.8%) | last100_unique: 9587
Game 9700 | Score: 0 | Record: 48 | Mean Score: 2.78 | Epsilon: 0.02 | Intrinsic: 0.000 | BufTerm: 0.044 | SampTerm: 0.063 | Oversample: 1.44x
[coverage] Game 9700 | unique_states_cumulative: 59737/65536 (91.2%) | last100_unique: 9004
Game 9800 | Score: 28 | Record: 48 | Mean Score: 2.84 | Epsilon: 0.02 | Intrinsic: 0.000 | BufTerm: 0.044 | SampTerm: 0.059 | Oversample: 1.32x
[coverage] Game 9800 | unique_states_cumulative: 59991/65536 (91.5%) | last100_unique: 8646
Game 9900 | Score: 15 | Record: 48 | Mean Score: 2.93 | Epsilon: 0.02 | Intrinsic: 0.000 | BufTerm: 0.043 | SampTerm: 0.049 | Oversample: 1.15x
[coverage] Game 9900 | unique_states_cumulative: 60285/65536 (92.0%) | last100_unique: 10938
Game 10000 | Score: 4 | Record: 48 | Mean Score: 3.02 | Epsilon: 0.02 | Intrinsic: 0.000 | BufTerm: 0.041 | SampTerm: 0.060 | Oversample: 1.45x
[coverage] Game 10000 | unique_states_cumulative: 60623/65536 (92.5%) | last100_unique: 11130
Game 10100 | Score: 0 | Record: 48 | Mean Score: 3.07 | Epsilon: 0.02 | Intrinsic: 0.000 | BufTerm: 0.041 | SampTerm: 0.043 | Oversample: 1.05x
[coverage] Game 10100 | unique_states_cumulative: 60802/65536 (92.8%) | last100_unique: 9127
Game 10200 | Score: 42 | Record: 48 | Mean Score: 3.15 | Epsilon: 0.02 | Intrinsic: 0.000 | BufTerm: 0.039 | SampTerm: 0.056 | Oversample: 1.43x
[coverage] Game 10200 | unique_states_cumulative: 61035/65536 (93.1%) | last100_unique: 10726
Game 10300 | Score: 13 | Record: 48 | Mean Score: 3.22 | Epsilon: 0.02 | Intrinsic: 0.000 | BufTerm: 0.039 | SampTerm: 0.040 | Oversample: 1.03x
[coverage] Game 10300 | unique_states_cumulative: 61270/65536 (93.5%) | last100_unique: 10193
Game 10400 | Score: 0 | Record: 48 | Mean Score: 3.27 | Epsilon: 0.02 | Intrinsic: 0.000 | BufTerm: 0.040 | SampTerm: 0.047 | Oversample: 1.17x
[coverage] Game 10400 | unique_states_cumulative: 61425/65536 (93.7%) | last100_unique: 8458
Game 10500 | Score: 0 | Record: 48 | Mean Score: 3.33 | Epsilon: 0.02 | Intrinsic: 0.000 | BufTerm: 0.039 | SampTerm: 0.044 | Oversample: 1.12x
[coverage] Game 10500 | unique_states_cumulative: 61604/65536 (94.0%) | last100_unique: 9023
Game 10600 | Score: 0 | Record: 48 | Mean Score: 3.40 | Epsilon: 0.02 | Intrinsic: 0.000 | BufTerm: 0.039 | SampTerm: 0.052 | Oversample: 1.35x
[coverage] Game 10600 | unique_states_cumulative: 61797/65536 (94.3%) | last100_unique: 10558
Game 10700 | Score: 15 | Record: 48 | Mean Score: 3.47 | Epsilon: 0.02 | Intrinsic: 0.000 | BufTerm: 0.039 | SampTerm: 0.045 | Oversample: 1.15x
[coverage] Game 10700 | unique_states_cumulative: 61977/65536 (94.6%) | last100_unique: 10442
Game 10800 | Score: 0 | Record: 48 | Mean Score: 3.53 | Epsilon: 0.02 | Intrinsic: 0.000 | BufTerm: 0.040 | SampTerm: 0.052 | Oversample: 1.31x
[coverage] Game 10800 | unique_states_cumulative: 62112/65536 (94.8%) | last100_unique: 9679
Game 10900 | Score: 31 | Record: 48 | Mean Score: 3.58 | Epsilon: 0.02 | Intrinsic: 0.000 | BufTerm: 0.039 | SampTerm: 0.055 | Oversample: 1.39x
[coverage] Game 10900 | unique_states_cumulative: 62250/65536 (95.0%) | last100_unique: 9664
Game 11000 | Score: 0 | Record: 48 | Mean Score: 3.64 | Epsilon: 0.02 | Intrinsic: 0.000 | BufTerm: 0.040 | SampTerm: 0.053 | Oversample: 1.34x
[coverage] Game 11000 | unique_states_cumulative: 62391/65536 (95.2%) | last100_unique: 10038
Game 11100 | Score: 9 | Record: 48 | Mean Score: 3.70 | Epsilon: 0.02 | Intrinsic: 0.000 | BufTerm: 0.040 | SampTerm: 0.039 | Oversample: 0.96x
[coverage] Game 11100 | unique_states_cumulative: 62534/65536 (95.4%) | last100_unique: 9522
Game 11200 | Score: 0 | Record: 48 | Mean Score: 3.76 | Epsilon: 0.02 | Intrinsic: 0.000 | BufTerm: 0.039 | SampTerm: 0.051 | Oversample: 1.29x
[coverage] Game 11200 | unique_states_cumulative: 62653/65536 (95.6%) | last100_unique: 10513
Game 11300 | Score: 0 | Record: 48 | Mean Score: 3.81 | Epsilon: 0.02 | Intrinsic: 0.000 | BufTerm: 0.039 | SampTerm: 0.055 | Oversample: 1.40x
[coverage] Game 11300 | unique_states_cumulative: 62752/65536 (95.8%) | last100_unique: 9217
Game 11400 | Score: 34 | Record: 51 | Mean Score: 3.85 | Epsilon: 0.02 | Intrinsic: 0.000 | BufTerm: 0.039 | SampTerm: 0.064 | Oversample: 1.62x
[coverage] Game 11400 | unique_states_cumulative: 62865/65536 (95.9%) | last100_unique: 9349
Game 11500 | Score: 0 | Record: 52 | Mean Score: 3.91 | Epsilon: 0.02 | Intrinsic: 0.000 | BufTerm: 0.039 | SampTerm: 0.040 | Oversample: 1.02x
[coverage] Game 11500 | unique_states_cumulative: 62993/65536 (96.1%) | last100_unique: 10842
Game 11600 | Score: 15 | Record: 52 | Mean Score: 3.95 | Epsilon: 0.02 | Intrinsic: 0.000 | BufTerm: 0.040 | SampTerm: 0.051 | Oversample: 1.27x
[coverage] Game 11600 | unique_states_cumulative: 63096/65536 (96.3%) | last100_unique: 8746
Game 11700 | Score: 15 | Record: 52 | Mean Score: 4.03 | Epsilon: 0.02 | Intrinsic: 0.000 | BufTerm: 0.038 | SampTerm: 0.048 | Oversample: 1.25x
[coverage] Game 11700 | unique_states_cumulative: 63210/65536 (96.5%) | last100_unique: 11804
Game 11800 | Score: 0 | Record: 52 | Mean Score: 4.07 | Epsilon: 0.02 | Intrinsic: 0.000 | BufTerm: 0.039 | SampTerm: 0.057 | Oversample: 1.46x
[coverage] Game 11800 | unique_states_cumulative: 63308/65536 (96.6%) | last100_unique: 9271
Game 11900 | Score: 25 | Record: 52 | Mean Score: 4.14 | Epsilon: 0.02 | Intrinsic: 0.000 | BufTerm: 0.038 | SampTerm: 0.044 | Oversample: 1.15x
[coverage] Game 11900 | unique_states_cumulative: 63416/65536 (96.8%) | last100_unique: 11860
Game 12000 | Score: 0 | Record: 52 | Mean Score: 4.19 | Epsilon: 0.02 | Intrinsic: 0.000 | BufTerm: 0.038 | SampTerm: 0.045 | Oversample: 1.20x
[coverage] Game 12000 | unique_states_cumulative: 63507/65536 (96.9%) | last100_unique: 10557
Game 12100 | Score: 10 | Record: 52 | Mean Score: 4.24 | Epsilon: 0.02 | Intrinsic: 0.000 | BufTerm: 0.037 | SampTerm: 0.040 | Oversample: 1.08x
[coverage] Game 12100 | unique_states_cumulative: 63594/65536 (97.0%) | last100_unique: 9957
Game 12200 | Score: 23 | Record: 52 | Mean Score: 4.32 | Epsilon: 0.02 | Intrinsic: 0.000 | BufTerm: 0.036 | SampTerm: 0.044 | Oversample: 1.21x
[coverage] Game 12200 | unique_states_cumulative: 63684/65536 (97.2%) | last100_unique: 12462
Game 12300 | Score: 0 | Record: 52 | Mean Score: 4.37 | Epsilon: 0.02 | Intrinsic: 0.000 | BufTerm: 0.035 | SampTerm: 0.044 | Oversample: 1.27x
[coverage] Game 12300 | unique_states_cumulative: 63774/65536 (97.3%) | last100_unique: 11786
Game 12400 | Score: 8 | Record: 52 | Mean Score: 4.42 | Epsilon: 0.02 | Intrinsic: 0.000 | BufTerm: 0.035 | SampTerm: 0.044 | Oversample: 1.25x
[coverage] Game 12400 | unique_states_cumulative: 63839/65536 (97.4%) | last100_unique: 10342
Game 12500 | Score: 0 | Record: 52 | Mean Score: 4.46 | Epsilon: 0.02 | Intrinsic: 0.000 | BufTerm: 0.035 | SampTerm: 0.044 | Oversample: 1.25x
[coverage] Game 12500 | unique_states_cumulative: 63898/65536 (97.5%) | last100_unique: 9411
Game 12600 | Score: 0 | Record: 52 | Mean Score: 4.51 | Epsilon: 0.02 | Intrinsic: 0.000 | BufTerm: 0.035 | SampTerm: 0.060 | Oversample: 1.70x
[coverage] Game 12600 | unique_states_cumulative: 63947/65536 (97.6%) | last100_unique: 11514
Game 12700 | Score: 19 | Record: 52 | Mean Score: 4.57 | Epsilon: 0.02 | Intrinsic: 0.000 | BufTerm: 0.035 | SampTerm: 0.055 | Oversample: 1.58x
[coverage] Game 12700 | unique_states_cumulative: 64025/65536 (97.7%) | last100_unique: 11704
Game 12800 | Score: 0 | Record: 53 | Mean Score: 4.61 | Epsilon: 0.02 | Intrinsic: 0.000 | BufTerm: 0.035 | SampTerm: 0.037 | Oversample: 1.05x
[coverage] Game 12800 | unique_states_cumulative: 64070/65536 (97.8%) | last100_unique: 9120
Game 12900 | Score: 0 | Record: 57 | Mean Score: 4.66 | Epsilon: 0.02 | Intrinsic: 0.000 | BufTerm: 0.036 | SampTerm: 0.055 | Oversample: 1.52x
[coverage] Game 12900 | unique_states_cumulative: 64126/65536 (97.8%) | last100_unique: 11001
Game 13000 | Score: 35 | Record: 57 | Mean Score: 4.71 | Epsilon: 0.02 | Intrinsic: 0.000 | BufTerm: 0.036 | SampTerm: 0.032 | Oversample: 0.89x
[coverage] Game 13000 | unique_states_cumulative: 64183/65536 (97.9%) | last100_unique: 11757
Game 13100 | Score: 14 | Record: 57 | Mean Score: 4.77 | Epsilon: 0.02 | Intrinsic: 0.000 | BufTerm: 0.035 | SampTerm: 0.047 | Oversample: 1.32x
[coverage] Game 13100 | unique_states_cumulative: 64245/65536 (98.0%) | last100_unique: 11824
Game 13200 | Score: 0 | Record: 57 | Mean Score: 4.80 | Epsilon: 0.02 | Intrinsic: 0.000 | BufTerm: 0.035 | SampTerm: 0.040 | Oversample: 1.13x
[coverage] Game 13200 | unique_states_cumulative: 64285/65536 (98.1%) | last100_unique: 9252
Game 13300 | Score: 0 | Record: 57 | Mean Score: 4.84 | Epsilon: 0.02 | Intrinsic: 0.000 | BufTerm: 0.036 | SampTerm: 0.059 | Oversample: 1.64x
[coverage] Game 13300 | unique_states_cumulative: 64333/65536 (98.2%) | last100_unique: 10490
Game 13400 | Score: 0 | Record: 57 | Mean Score: 4.91 | Epsilon: 0.02 | Intrinsic: 0.000 | BufTerm: 0.035 | SampTerm: 0.045 | Oversample: 1.28x
[coverage] Game 13400 | unique_states_cumulative: 64382/65536 (98.2%) | last100_unique: 12473
Game 13500 | Score: 0 | Record: 57 | Mean Score: 4.95 | Epsilon: 0.02 | Intrinsic: 0.000 | BufTerm: 0.035 | SampTerm: 0.036 | Oversample: 1.03x
[coverage] Game 13500 | unique_states_cumulative: 64422/65536 (98.3%) | last100_unique: 10484
Game 13600 | Score: 0 | Record: 57 | Mean Score: 4.99 | Epsilon: 0.02 | Intrinsic: 0.000 | BufTerm: 0.035 | SampTerm: 0.041 | Oversample: 1.19x
[coverage] Game 13600 | unique_states_cumulative: 64453/65536 (98.3%) | last100_unique: 10993
Game 13700 | Score: 36 | Record: 57 | Mean Score: 5.05 | Epsilon: 0.02 | Intrinsic: 0.000 | BufTerm: 0.034 | SampTerm: 0.060 | Oversample: 1.76x
[coverage] Game 13700 | unique_states_cumulative: 64497/65536 (98.4%) | last100_unique: 12655
Game 13800 | Score: 27 | Record: 57 | Mean Score: 5.08 | Epsilon: 0.02 | Intrinsic: 0.000 | BufTerm: 0.035 | SampTerm: 0.041 | Oversample: 1.17x
[coverage] Game 13800 | unique_states_cumulative: 64520/65536 (98.4%) | last100_unique: 9202
Game 13900 | Score: 51 | Record: 57 | Mean Score: 5.13 | Epsilon: 0.02 | Intrinsic: 0.000 | BufTerm: 0.034 | SampTerm: 0.056 | Oversample: 1.64x
[coverage] Game 13900 | unique_states_cumulative: 64549/65536 (98.5%) | last100_unique: 12057
[Game 14000] Final LR cooldown applied → 1e-5
Game 14000 | Score: 0 | Record: 57 | Mean Score: 5.17 | Epsilon: 0.02 | Intrinsic: 0.000 | BufTerm: 0.034 | SampTerm: 0.040 | Oversample: 1.18x
[coverage] Game 14000 | unique_states_cumulative: 64583/65536 (98.5%) | last100_unique: 10957
Game 14100 | Score: 21 | Record: 57 | Mean Score: 5.20 | Epsilon: 0.02 | Intrinsic: 0.000 | BufTerm: 0.035 | SampTerm: 0.059 | Oversample: 1.67x
[coverage] Game 14100 | unique_states_cumulative: 64615/65536 (98.6%) | last100_unique: 9678
Game 14200 | Score: 0 | Record: 57 | Mean Score: 5.25 | Epsilon: 0.02 | Intrinsic: 0.000 | BufTerm: 0.035 | SampTerm: 0.047 | Oversample: 1.32x
[coverage] Game 14200 | unique_states_cumulative: 64638/65536 (98.6%) | last100_unique: 11006
Game 14300 | Score: 14 | Record: 57 | Mean Score: 5.29 | Epsilon: 0.02 | Intrinsic: 0.000 | BufTerm: 0.035 | SampTerm: 0.059 | Oversample: 1.66x
[coverage] Game 14300 | unique_states_cumulative: 64660/65536 (98.7%) | last100_unique: 10719
Game 14400 | Score: 0 | Record: 57 | Mean Score: 5.31 | Epsilon: 0.02 | Intrinsic: 0.000 | BufTerm: 0.037 | SampTerm: 0.064 | Oversample: 1.74x
[coverage] Game 14400 | unique_states_cumulative: 64679/65536 (98.7%) | last100_unique: 9127
Game 14500 | Score: 13 | Record: 57 | Mean Score: 5.35 | Epsilon: 0.02 | Intrinsic: 0.000 | BufTerm: 0.036 | SampTerm: 0.052 | Oversample: 1.42x
[coverage] Game 14500 | unique_states_cumulative: 64706/65536 (98.7%) | last100_unique: 10459
Game 14600 | Score: 0 | Record: 57 | Mean Score: 5.40 | Epsilon: 0.02 | Intrinsic: 0.000 | BufTerm: 0.036 | SampTerm: 0.063 | Oversample: 1.73x
[coverage] Game 14600 | unique_states_cumulative: 64724/65536 (98.8%) | last100_unique: 12168
Game 14700 | Score: 39 | Record: 57 | Mean Score: 5.44 | Epsilon: 0.02 | Intrinsic: 0.000 | BufTerm: 0.036 | SampTerm: 0.051 | Oversample: 1.41x
[coverage] Game 14700 | unique_states_cumulative: 64737/65536 (98.8%) | last100_unique: 10699
Game 14800 | Score: 22 | Record: 57 | Mean Score: 5.49 | Epsilon: 0.02 | Intrinsic: 0.000 | BufTerm: 0.035 | SampTerm: 0.049 | Oversample: 1.41x
[coverage] Game 14800 | unique_states_cumulative: 64771/65536 (98.8%) | last100_unique: 12218
Game 14900 | Score: 3 | Record: 57 | Mean Score: 5.52 | Epsilon: 0.02 | Intrinsic: 0.000 | BufTerm: 0.035 | SampTerm: 0.065 | Oversample: 1.85x
[coverage] Game 14900 | unique_states_cumulative: 64795/65536 (98.9%) | last100_unique: 10587
Game 15000 | Score: 0 | Record: 57 | Mean Score: 5.55 | Epsilon: 0.02 | Intrinsic: 0.000 | BufTerm: 0.035 | SampTerm: 0.045 | Oversample: 1.29x
[coverage] Game 15000 | unique_states_cumulative: 64808/65536 (98.9%) | last100_unique: 10438
Game 15100 | Score: 32 | Record: 57 | Mean Score: 5.60 | Epsilon: 0.02 | Intrinsic: 0.000 | BufTerm: 0.034 | SampTerm: 0.049 | Oversample: 1.45x
[coverage] Game 15100 | unique_states_cumulative: 64823/65536 (98.9%) | last100_unique: 11474
Game 15200 | Score: 0 | Record: 57 | Mean Score: 5.64 | Epsilon: 0.02 | Intrinsic: 0.000 | BufTerm: 0.033 | SampTerm: 0.049 | Oversample: 1.48x
[coverage] Game 15200 | unique_states_cumulative: 64842/65536 (98.9%) | last100_unique: 11264
Game 15300 | Score: 33 | Record: 57 | Mean Score: 5.67 | Epsilon: 0.02 | Intrinsic: 0.000 | BufTerm: 0.035 | SampTerm: 0.055 | Oversample: 1.57x
[coverage] Game 15300 | unique_states_cumulative: 64853/65536 (99.0%) | last100_unique: 10097
Game 15400 | Score: 0 | Record: 58 | Mean Score: 5.69 | Epsilon: 0.02 | Intrinsic: 0.000 | BufTerm: 0.035 | SampTerm: 0.057 | Oversample: 1.63x
[coverage] Game 15400 | unique_states_cumulative: 64871/65536 (99.0%) | last100_unique: 9762
Game 15500 | Score: 41 | Record: 58 | Mean Score: 5.74 | Epsilon: 0.02 | Intrinsic: 0.000 | BufTerm: 0.035 | SampTerm: 0.048 | Oversample: 1.37x
[coverage] Game 15500 | unique_states_cumulative: 64897/65536 (99.0%) | last100_unique: 12280
Game 15600 | Score: 13 | Record: 58 | Mean Score: 5.78 | Epsilon: 0.02 | Intrinsic: 0.000 | BufTerm: 0.035 | SampTerm: 0.059 | Oversample: 1.70x
[coverage] Game 15600 | unique_states_cumulative: 64914/65536 (99.1%) | last100_unique: 11189
Game 15700 | Score: 0 | Record: 58 | Mean Score: 5.80 | Epsilon: 0.02 | Intrinsic: 0.000 | BufTerm: 0.035 | SampTerm: 0.059 | Oversample: 1.70x
[coverage] Game 15700 | unique_states_cumulative: 64925/65536 (99.1%) | last100_unique: 10206
Game 15800 | Score: 18 | Record: 58 | Mean Score: 5.83 | Epsilon: 0.02 | Intrinsic: 0.000 | BufTerm: 0.035 | SampTerm: 0.041 | Oversample: 1.17x
[coverage] Game 15800 | unique_states_cumulative: 64934/65536 (99.1%) | last100_unique: 10353
Game 15900 | Score: 5 | Record: 66 | Mean Score: 5.87 | Epsilon: 0.02 | Intrinsic: 0.000 | BufTerm: 0.035 | SampTerm: 0.060 | Oversample: 1.71x
[coverage] Game 15900 | unique_states_cumulative: 64947/65536 (99.1%) | last100_unique: 12040
Game 16000 | Score: 0 | Record: 66 | Mean Score: 5.92 | Epsilon: 0.02 | Intrinsic: 0.000 | BufTerm: 0.033 | SampTerm: 0.033 | Oversample: 1.02x
[coverage] Game 16000 | unique_states_cumulative: 64961/65536 (99.1%) | last100_unique: 13851

Training Complete!
Best Score: 66
Final Mean Score: 5.92
wandb: updating run metadata
wandb: uploading wandb-summary.json; uploading config.yaml; uploading output.log
wandb: uploading wandb-summary.json; uploading output.log
wandb: uploading history steps 159-159, summary, console lines 320-325
wandb: 
wandb: Run history:
wandb:        Buf_Terminal_Frac ▇▇████████▇▇▇▇▆▄▃▂▂▂▁▁▁▁▁▁▁▁▁▁▁▁▁▁▁▁▁▁▁▁
wandb:      Coverage_Cumulative ▁▁▂▂▂▃▃▃▄▄▄▄▅▅▅▅▆▆▆▇▇▇▇▇████████████████
wandb: Coverage_Cumulative_Frac ▁▁▁▂▃▃▃▃▄▄▅▅▅▆▆▇▇▇▇▇▇▇▇█████████████████
wandb:       Coverage_Window100 ▁▁▁▁▁▁▁▁▁▁▁▁▁▂▂▃▃▃▃▃▅▅▆▅▆▆▆▅▆▆▆▆▇▆▇▆▇▇▆█
wandb:                  Epsilon ██▇▆▆▅▅▅▅▅▄▄▄▃▃▃▂▂▂▂▁▁▁▁▁▁▁▁▁▁▁▁▁▁▁▁▁▁▁▁
wandb:                     Game ▁▁▁▂▂▂▂▂▃▃▃▃▃▃▃▄▄▄▅▅▅▅▅▅▆▆▆▆▆▆▇▇▇▇▇▇▇▇▇█
wandb:               Mean_Score ▁▁▁▁▁▁▁▁▁▁▁▁▁▁▂▂▂▂▃▃▄▄▄▅▅▆▆▆▆▆▇▇▇▇▇▇████
wandb:                   Record ▁▁▁▁▁▁▁▂▂▂▂▂▂▃▃▃▃▃▃▃▄▅▅▅▅▆▆▆▆▆▆▆▆▆▇▇▇▇▇█
wandb:     Sample_Terminal_Frac ▇▇▆▇▇▇▇▆▇██▇▇▇█▇▆▆▅▆▆▄▃▃▃▃▂▂▁▂▁▁▁▁▁▂▂▁▂▂
wandb:                    Score ▁▁▁▁▁▁▁▁▁▁▁▁▁▁▁▂▂▄▁▁▃▁▄▁▁▁▁▁▁▁▁▁▁█▅▅▁▇▇▂
wandb:                       +1 ...
wandb: 
wandb: Run summary:
wandb:        Buf_Terminal_Frac 0.03255
wandb:      Coverage_Cumulative 64961
wandb: Coverage_Cumulative_Frac 0.99123
wandb:       Coverage_Window100 13851
wandb:                  Epsilon 0.02
wandb:                     Game 16000
wandb:               Mean_Score 5.92381
wandb:                   Record 66
wandb:     Sample_Terminal_Frac 0.03333
wandb:                    Score 0
wandb:                       +1 ...
wandb: 
wandb: 🚀 View run FeatureDQN_v2_16x16_dense_seed1 at: https://wandb.ai/saheb37/rl-snake/runs/kui12ss8
wandb: ⭐️ View project at: https://wandb.ai/saheb37/rl-snake
wandb: Synced 5 W&B file(s), 0 media file(s), 0 artifact file(s) and 0 other file(s)
wandb: Find logs at: ./wandb/run-20260517_054820-kui12ss8/logs
--- FeatureDQN_v2_16x16_dense_seed1 done ---
=== FeatureDQN_v2_16x16_dense_seed2 ===
/Users/saheb/home/rl-snake/.venv/lib/python3.9/site-packages/urllib3/__init__.py:35: NotOpenSSLWarning: urllib3 v2 only supports OpenSSL 1.1.1+, currently the 'ssl' module is compiled with 'LibreSSL 2.8.3'. See: https://github.com/urllib3/urllib3/issues/3020
  warnings.warn(
wandb: [wandb.login()] Loaded credentials for https://api.wandb.ai from /Users/saheb/.netrc.
wandb: Currently logged in as: saheb37 to https://api.wandb.ai. Use `wandb login --relogin` to force relogin
wandb: setting up run lhbnxvmg
wandb: Tracking run with wandb version 0.26.0
wandb: Run data is saved locally in /Users/saheb/home/rl-snake/wandb/run-20260517_100137-lhbnxvmg
wandb: Run `wandb offline` to turn off syncing.
wandb: Syncing run FeatureDQN_v2_16x16_dense_seed2
wandb: ⭐️ View project at https://wandb.ai/saheb37/rl-snake
wandb: 🚀 View run at https://wandb.ai/saheb37/rl-snake/runs/lhbnxvmg
Starting Baseline DQN Training (Dueling + 3-Step) on 16x16 Board...
Game 100 | Score: 0 | Record: 3 | Mean Score: 0.16 | Epsilon: 0.99 | Intrinsic: 0.000 | BufTerm: 0.185 | SampTerm: 0.168 | Oversample: 0.91x
[coverage] Game 100 | unique_states_cumulative: 1851/65536 (2.8%) | last100_unique: 1851
Game 200 | Score: 0 | Record: 3 | Mean Score: 0.10 | Epsilon: 0.98 | Intrinsic: 0.000 | BufTerm: 0.196 | SampTerm: 0.160 | Oversample: 0.81x
[coverage] Game 200 | unique_states_cumulative: 3283/65536 (5.0%) | last100_unique: 1566
Game 300 | Score: 0 | Record: 3 | Mean Score: 0.10 | Epsilon: 0.96 | Intrinsic: 0.000 | BufTerm: 0.191 | SampTerm: 0.149 | Oversample: 0.78x
[coverage] Game 300 | unique_states_cumulative: 4668/65536 (7.1%) | last100_unique: 1770
Game 400 | Score: 0 | Record: 3 | Mean Score: 0.10 | Epsilon: 0.95 | Intrinsic: 0.000 | BufTerm: 0.197 | SampTerm: 0.152 | Oversample: 0.77x
[coverage] Game 400 | unique_states_cumulative: 5940/65536 (9.1%) | last100_unique: 1619
Game 500 | Score: 0 | Record: 3 | Mean Score: 0.09 | Epsilon: 0.94 | Intrinsic: 0.000 | BufTerm: 0.200 | SampTerm: 0.179 | Oversample: 0.90x
[coverage] Game 500 | unique_states_cumulative: 7046/65536 (10.8%) | last100_unique: 1621
Game 600 | Score: 0 | Record: 3 | Mean Score: 0.09 | Epsilon: 0.93 | Intrinsic: 0.000 | BufTerm: 0.204 | SampTerm: 0.151 | Oversample: 0.74x
[coverage] Game 600 | unique_states_cumulative: 7980/65536 (12.2%) | last100_unique: 1515
Game 700 | Score: 2 | Record: 3 | Mean Score: 0.09 | Epsilon: 0.91 | Intrinsic: 0.000 | BufTerm: 0.209 | SampTerm: 0.151 | Oversample: 0.72x
[coverage] Game 700 | unique_states_cumulative: 8855/65536 (13.5%) | last100_unique: 1435
Game 800 | Score: 0 | Record: 4 | Mean Score: 0.09 | Epsilon: 0.90 | Intrinsic: 0.000 | BufTerm: 0.211 | SampTerm: 0.163 | Oversample: 0.77x
[coverage] Game 800 | unique_states_cumulative: 9616/65536 (14.7%) | last100_unique: 1499
Game 900 | Score: 0 | Record: 4 | Mean Score: 0.08 | Epsilon: 0.89 | Intrinsic: 0.000 | BufTerm: 0.213 | SampTerm: 0.183 | Oversample: 0.86x
[coverage] Game 900 | unique_states_cumulative: 10416/65536 (15.9%) | last100_unique: 1467
Game 1000 | Score: 0 | Record: 4 | Mean Score: 0.08 | Epsilon: 0.88 | Intrinsic: 0.000 | BufTerm: 0.214 | SampTerm: 0.197 | Oversample: 0.92x
[coverage] Game 1000 | unique_states_cumulative: 11247/65536 (17.2%) | last100_unique: 1589
Game 1100 | Score: 0 | Record: 4 | Mean Score: 0.08 | Epsilon: 0.87 | Intrinsic: 0.000 | BufTerm: 0.216 | SampTerm: 0.197 | Oversample: 0.91x
[coverage] Game 1100 | unique_states_cumulative: 11850/65536 (18.1%) | last100_unique: 1427
Game 1200 | Score: 0 | Record: 4 | Mean Score: 0.08 | Epsilon: 0.85 | Intrinsic: 0.000 | BufTerm: 0.218 | SampTerm: 0.161 | Oversample: 0.74x
[coverage] Game 1200 | unique_states_cumulative: 12496/65536 (19.1%) | last100_unique: 1479
Game 1300 | Score: 0 | Record: 4 | Mean Score: 0.07 | Epsilon: 0.84 | Intrinsic: 0.000 | BufTerm: 0.220 | SampTerm: 0.160 | Oversample: 0.73x
[coverage] Game 1300 | unique_states_cumulative: 13087/65536 (20.0%) | last100_unique: 1484
Game 1400 | Score: 0 | Record: 4 | Mean Score: 0.08 | Epsilon: 0.83 | Intrinsic: 0.000 | BufTerm: 0.221 | SampTerm: 0.159 | Oversample: 0.72x
[coverage] Game 1400 | unique_states_cumulative: 13633/65536 (20.8%) | last100_unique: 1510
Game 1500 | Score: 0 | Record: 4 | Mean Score: 0.08 | Epsilon: 0.82 | Intrinsic: 0.000 | BufTerm: 0.221 | SampTerm: 0.156 | Oversample: 0.70x
[coverage] Game 1500 | unique_states_cumulative: 14164/65536 (21.6%) | last100_unique: 1564
Game 1600 | Score: 0 | Record: 4 | Mean Score: 0.09 | Epsilon: 0.80 | Intrinsic: 0.000 | BufTerm: 0.221 | SampTerm: 0.141 | Oversample: 0.64x
[coverage] Game 1600 | unique_states_cumulative: 14830/65536 (22.6%) | last100_unique: 1641
Game 1700 | Score: 1 | Record: 4 | Mean Score: 0.09 | Epsilon: 0.79 | Intrinsic: 0.000 | BufTerm: 0.222 | SampTerm: 0.156 | Oversample: 0.70x
[coverage] Game 1700 | unique_states_cumulative: 15395/65536 (23.5%) | last100_unique: 1554
Game 1800 | Score: 0 | Record: 4 | Mean Score: 0.09 | Epsilon: 0.78 | Intrinsic: 0.000 | BufTerm: 0.221 | SampTerm: 0.156 | Oversample: 0.71x
[coverage] Game 1800 | unique_states_cumulative: 16145/65536 (24.6%) | last100_unique: 1793
Game 1900 | Score: 0 | Record: 4 | Mean Score: 0.09 | Epsilon: 0.77 | Intrinsic: 0.000 | BufTerm: 0.222 | SampTerm: 0.172 | Oversample: 0.77x
[coverage] Game 1900 | unique_states_cumulative: 16529/65536 (25.2%) | last100_unique: 1365
Game 2000 | Score: 0 | Record: 4 | Mean Score: 0.09 | Epsilon: 0.76 | Intrinsic: 0.000 | BufTerm: 0.224 | SampTerm: 0.176 | Oversample: 0.79x
[coverage] Game 2000 | unique_states_cumulative: 16897/65536 (25.8%) | last100_unique: 1473
Game 2100 | Score: 0 | Record: 4 | Mean Score: 0.09 | Epsilon: 0.74 | Intrinsic: 0.000 | BufTerm: 0.226 | SampTerm: 0.168 | Oversample: 0.74x
[coverage] Game 2100 | unique_states_cumulative: 17170/65536 (26.2%) | last100_unique: 1210
Game 2200 | Score: 0 | Record: 4 | Mean Score: 0.10 | Epsilon: 0.73 | Intrinsic: 0.000 | BufTerm: 0.227 | SampTerm: 0.173 | Oversample: 0.76x
[coverage] Game 2200 | unique_states_cumulative: 17593/65536 (26.8%) | last100_unique: 1545
Game 2300 | Score: 0 | Record: 4 | Mean Score: 0.10 | Epsilon: 0.72 | Intrinsic: 0.000 | BufTerm: 0.228 | SampTerm: 0.181 | Oversample: 0.80x
[coverage] Game 2300 | unique_states_cumulative: 18034/65536 (27.5%) | last100_unique: 1510
Game 2400 | Score: 0 | Record: 4 | Mean Score: 0.10 | Epsilon: 0.71 | Intrinsic: 0.000 | BufTerm: 0.227 | SampTerm: 0.196 | Oversample: 0.86x
[coverage] Game 2400 | unique_states_cumulative: 18646/65536 (28.5%) | last100_unique: 1757
Game 2500 | Score: 0 | Record: 4 | Mean Score: 0.11 | Epsilon: 0.69 | Intrinsic: 0.000 | BufTerm: 0.227 | SampTerm: 0.181 | Oversample: 0.80x
[coverage] Game 2500 | unique_states_cumulative: 19049/65536 (29.1%) | last100_unique: 1542
Game 2600 | Score: 0 | Record: 4 | Mean Score: 0.11 | Epsilon: 0.68 | Intrinsic: 0.000 | BufTerm: 0.228 | SampTerm: 0.195 | Oversample: 0.86x
[coverage] Game 2600 | unique_states_cumulative: 19443/65536 (29.7%) | last100_unique: 1510
Game 2700 | Score: 0 | Record: 4 | Mean Score: 0.12 | Epsilon: 0.67 | Intrinsic: 0.000 | BufTerm: 0.227 | SampTerm: 0.169 | Oversample: 0.75x
[coverage] Game 2700 | unique_states_cumulative: 19964/65536 (30.5%) | last100_unique: 1720
Game 2800 | Score: 0 | Record: 4 | Mean Score: 0.12 | Epsilon: 0.66 | Intrinsic: 0.000 | BufTerm: 0.228 | SampTerm: 0.169 | Oversample: 0.74x
[coverage] Game 2800 | unique_states_cumulative: 20199/65536 (30.8%) | last100_unique: 1376
Game 2900 | Score: 0 | Record: 4 | Mean Score: 0.13 | Epsilon: 0.64 | Intrinsic: 0.000 | BufTerm: 0.228 | SampTerm: 0.197 | Oversample: 0.87x
[coverage] Game 2900 | unique_states_cumulative: 20702/65536 (31.6%) | last100_unique: 1723
Game 3000 | Score: 4 | Record: 6 | Mean Score: 0.14 | Epsilon: 0.63 | Intrinsic: 0.000 | BufTerm: 0.226 | SampTerm: 0.171 | Oversample: 0.75x
[coverage] Game 3000 | unique_states_cumulative: 21399/65536 (32.7%) | last100_unique: 2020
Game 3100 | Score: 0 | Record: 6 | Mean Score: 0.14 | Epsilon: 0.62 | Intrinsic: 0.000 | BufTerm: 0.227 | SampTerm: 0.203 | Oversample: 0.89x
[coverage] Game 3100 | unique_states_cumulative: 21722/65536 (33.1%) | last100_unique: 1482
Game 3200 | Score: 0 | Record: 6 | Mean Score: 0.14 | Epsilon: 0.61 | Intrinsic: 0.000 | BufTerm: 0.228 | SampTerm: 0.171 | Oversample: 0.75x
[coverage] Game 3200 | unique_states_cumulative: 22072/65536 (33.7%) | last100_unique: 1477
Game 3300 | Score: 0 | Record: 6 | Mean Score: 0.15 | Epsilon: 0.60 | Intrinsic: 0.000 | BufTerm: 0.228 | SampTerm: 0.168 | Oversample: 0.74x
[coverage] Game 3300 | unique_states_cumulative: 22436/65536 (34.2%) | last100_unique: 1579
Game 3400 | Score: 1 | Record: 6 | Mean Score: 0.15 | Epsilon: 0.58 | Intrinsic: 0.000 | BufTerm: 0.229 | SampTerm: 0.192 | Oversample: 0.84x
[coverage] Game 3400 | unique_states_cumulative: 22722/65536 (34.7%) | last100_unique: 1498
Game 3500 | Score: 0 | Record: 6 | Mean Score: 0.16 | Epsilon: 0.57 | Intrinsic: 0.000 | BufTerm: 0.229 | SampTerm: 0.203 | Oversample: 0.88x
[coverage] Game 3500 | unique_states_cumulative: 23154/65536 (35.3%) | last100_unique: 1641
Game 3600 | Score: 0 | Record: 6 | Mean Score: 0.17 | Epsilon: 0.56 | Intrinsic: 0.000 | BufTerm: 0.228 | SampTerm: 0.192 | Oversample: 0.84x
[coverage] Game 3600 | unique_states_cumulative: 23814/65536 (36.3%) | last100_unique: 2004
Game 3700 | Score: 0 | Record: 6 | Mean Score: 0.18 | Epsilon: 0.55 | Intrinsic: 0.000 | BufTerm: 0.227 | SampTerm: 0.184 | Oversample: 0.81x
[coverage] Game 3700 | unique_states_cumulative: 24447/65536 (37.3%) | last100_unique: 2060
Game 3800 | Score: 2 | Record: 6 | Mean Score: 0.19 | Epsilon: 0.53 | Intrinsic: 0.000 | BufTerm: 0.227 | SampTerm: 0.201 | Oversample: 0.89x
[coverage] Game 3800 | unique_states_cumulative: 24827/65536 (37.9%) | last100_unique: 1643
Game 3900 | Score: 0 | Record: 6 | Mean Score: 0.19 | Epsilon: 0.52 | Intrinsic: 0.000 | BufTerm: 0.227 | SampTerm: 0.197 | Oversample: 0.87x
[coverage] Game 3900 | unique_states_cumulative: 25151/65536 (38.4%) | last100_unique: 1541
Game 4000 | Score: 0 | Record: 6 | Mean Score: 0.20 | Epsilon: 0.51 | Intrinsic: 0.000 | BufTerm: 0.226 | SampTerm: 0.176 | Oversample: 0.78x
[coverage] Game 4000 | unique_states_cumulative: 25633/65536 (39.1%) | last100_unique: 1982
Game 4100 | Score: 0 | Record: 6 | Mean Score: 0.22 | Epsilon: 0.50 | Intrinsic: 0.000 | BufTerm: 0.225 | SampTerm: 0.177 | Oversample: 0.79x
[coverage] Game 4100 | unique_states_cumulative: 26216/65536 (40.0%) | last100_unique: 2164
Game 4200 | Score: 0 | Record: 7 | Mean Score: 0.23 | Epsilon: 0.49 | Intrinsic: 0.000 | BufTerm: 0.223 | SampTerm: 0.189 | Oversample: 0.85x
[coverage] Game 4200 | unique_states_cumulative: 26855/65536 (41.0%) | last100_unique: 2343
Game 4300 | Score: 4 | Record: 7 | Mean Score: 0.24 | Epsilon: 0.47 | Intrinsic: 0.000 | BufTerm: 0.223 | SampTerm: 0.195 | Oversample: 0.87x
[coverage] Game 4300 | unique_states_cumulative: 27478/65536 (41.9%) | last100_unique: 2143
Game 4400 | Score: 0 | Record: 7 | Mean Score: 0.26 | Epsilon: 0.46 | Intrinsic: 0.000 | BufTerm: 0.222 | SampTerm: 0.177 | Oversample: 0.80x
[coverage] Game 4400 | unique_states_cumulative: 27939/65536 (42.6%) | last100_unique: 2101
Game 4500 | Score: 0 | Record: 7 | Mean Score: 0.27 | Epsilon: 0.45 | Intrinsic: 0.000 | BufTerm: 0.222 | SampTerm: 0.179 | Oversample: 0.81x
[coverage] Game 4500 | unique_states_cumulative: 28417/65536 (43.4%) | last100_unique: 2097
Game 4600 | Score: 0 | Record: 8 | Mean Score: 0.28 | Epsilon: 0.44 | Intrinsic: 0.000 | BufTerm: 0.221 | SampTerm: 0.171 | Oversample: 0.77x
[coverage] Game 4600 | unique_states_cumulative: 28976/65536 (44.2%) | last100_unique: 2261
Game 4700 | Score: 0 | Record: 8 | Mean Score: 0.30 | Epsilon: 0.42 | Intrinsic: 0.000 | BufTerm: 0.220 | SampTerm: 0.193 | Oversample: 0.88x
[coverage] Game 4700 | unique_states_cumulative: 29719/65536 (45.3%) | last100_unique: 2614
Game 4800 | Score: 0 | Record: 10 | Mean Score: 0.32 | Epsilon: 0.41 | Intrinsic: 0.000 | BufTerm: 0.217 | SampTerm: 0.184 | Oversample: 0.85x
[coverage] Game 4800 | unique_states_cumulative: 30456/65536 (46.5%) | last100_unique: 2936
Game 4900 | Score: 0 | Record: 10 | Mean Score: 0.34 | Epsilon: 0.40 | Intrinsic: 0.000 | BufTerm: 0.216 | SampTerm: 0.189 | Oversample: 0.88x
[coverage] Game 4900 | unique_states_cumulative: 31052/65536 (47.4%) | last100_unique: 2413
Game 5000 | Score: 1 | Record: 10 | Mean Score: 0.36 | Epsilon: 0.39 | Intrinsic: 0.000 | BufTerm: 0.212 | SampTerm: 0.192 | Oversample: 0.90x
[coverage] Game 5000 | unique_states_cumulative: 31850/65536 (48.6%) | last100_unique: 2954
Game 5100 | Score: 7 | Record: 10 | Mean Score: 0.38 | Epsilon: 0.38 | Intrinsic: 0.000 | BufTerm: 0.208 | SampTerm: 0.177 | Oversample: 0.85x
[coverage] Game 5100 | unique_states_cumulative: 32558/65536 (49.7%) | last100_unique: 3126
Game 5200 | Score: 1 | Record: 12 | Mean Score: 0.41 | Epsilon: 0.36 | Intrinsic: 0.000 | BufTerm: 0.205 | SampTerm: 0.209 | Oversample: 1.02x
[coverage] Game 5200 | unique_states_cumulative: 33346/65536 (50.9%) | last100_unique: 3215
Game 5300 | Score: 5 | Record: 12 | Mean Score: 0.44 | Epsilon: 0.35 | Intrinsic: 0.000 | BufTerm: 0.201 | SampTerm: 0.205 | Oversample: 1.02x
[coverage] Game 5300 | unique_states_cumulative: 33936/65536 (51.8%) | last100_unique: 2838
Game 5400 | Score: 0 | Record: 12 | Mean Score: 0.46 | Epsilon: 0.34 | Intrinsic: 0.000 | BufTerm: 0.197 | SampTerm: 0.191 | Oversample: 0.97x
[coverage] Game 5400 | unique_states_cumulative: 34576/65536 (52.8%) | last100_unique: 2989
Game 5500 | Score: 0 | Record: 12 | Mean Score: 0.48 | Epsilon: 0.33 | Intrinsic: 0.000 | BufTerm: 0.194 | SampTerm: 0.177 | Oversample: 0.91x
[coverage] Game 5500 | unique_states_cumulative: 35153/65536 (53.6%) | last100_unique: 3051
Game 5600 | Score: 0 | Record: 12 | Mean Score: 0.51 | Epsilon: 0.31 | Intrinsic: 0.000 | BufTerm: 0.192 | SampTerm: 0.168 | Oversample: 0.88x
[coverage] Game 5600 | unique_states_cumulative: 35762/65536 (54.6%) | last100_unique: 2976
Game 5700 | Score: 0 | Record: 12 | Mean Score: 0.53 | Epsilon: 0.30 | Intrinsic: 0.000 | BufTerm: 0.188 | SampTerm: 0.167 | Oversample: 0.89x
[coverage] Game 5700 | unique_states_cumulative: 36359/65536 (55.5%) | last100_unique: 2937
Game 5800 | Score: 6 | Record: 12 | Mean Score: 0.54 | Epsilon: 0.29 | Intrinsic: 0.000 | BufTerm: 0.185 | SampTerm: 0.163 | Oversample: 0.88x
[coverage] Game 5800 | unique_states_cumulative: 36964/65536 (56.4%) | last100_unique: 2557
Game 5900 | Score: 2 | Record: 13 | Mean Score: 0.56 | Epsilon: 0.28 | Intrinsic: 0.000 | BufTerm: 0.183 | SampTerm: 0.181 | Oversample: 0.99x
[coverage] Game 5900 | unique_states_cumulative: 37447/65536 (57.1%) | last100_unique: 2611
Game 6000 | Score: 13 | Record: 13 | Mean Score: 0.59 | Epsilon: 0.27 | Intrinsic: 0.000 | BufTerm: 0.178 | SampTerm: 0.161 | Oversample: 0.91x
[coverage] Game 6000 | unique_states_cumulative: 38230/65536 (58.3%) | last100_unique: 3687
Game 6100 | Score: 4 | Record: 15 | Mean Score: 0.61 | Epsilon: 0.25 | Intrinsic: 0.000 | BufTerm: 0.174 | SampTerm: 0.156 | Oversample: 0.90x
[coverage] Game 6100 | unique_states_cumulative: 38830/65536 (59.2%) | last100_unique: 3387
Game 6200 | Score: 0 | Record: 15 | Mean Score: 0.64 | Epsilon: 0.24 | Intrinsic: 0.000 | BufTerm: 0.169 | SampTerm: 0.183 | Oversample: 1.08x
[coverage] Game 6200 | unique_states_cumulative: 39439/65536 (60.2%) | last100_unique: 3245
Game 6300 | Score: 0 | Record: 16 | Mean Score: 0.68 | Epsilon: 0.23 | Intrinsic: 0.000 | BufTerm: 0.162 | SampTerm: 0.196 | Oversample: 1.21x
[coverage] Game 6300 | unique_states_cumulative: 40423/65536 (61.7%) | last100_unique: 4934
Game 6400 | Score: 0 | Record: 16 | Mean Score: 0.70 | Epsilon: 0.22 | Intrinsic: 0.000 | BufTerm: 0.156 | SampTerm: 0.152 | Oversample: 0.97x
[coverage] Game 6400 | unique_states_cumulative: 40978/65536 (62.5%) | last100_unique: 3563
Game 6500 | Score: 1 | Record: 19 | Mean Score: 0.73 | Epsilon: 0.20 | Intrinsic: 0.000 | BufTerm: 0.151 | SampTerm: 0.157 | Oversample: 1.04x
[coverage] Game 6500 | unique_states_cumulative: 41514/65536 (63.3%) | last100_unique: 3576
Game 6600 | Score: 2 | Record: 19 | Mean Score: 0.77 | Epsilon: 0.19 | Intrinsic: 0.000 | BufTerm: 0.146 | SampTerm: 0.153 | Oversample: 1.05x
[coverage] Game 6600 | unique_states_cumulative: 42305/65536 (64.6%) | last100_unique: 4531
Game 6700 | Score: 3 | Record: 19 | Mean Score: 0.80 | Epsilon: 0.18 | Intrinsic: 0.000 | BufTerm: 0.139 | SampTerm: 0.175 | Oversample: 1.26x
[coverage] Game 6700 | unique_states_cumulative: 42950/65536 (65.5%) | last100_unique: 4284
Game 6800 | Score: 4 | Record: 19 | Mean Score: 0.84 | Epsilon: 0.17 | Intrinsic: 0.000 | BufTerm: 0.133 | SampTerm: 0.151 | Oversample: 1.13x
[coverage] Game 6800 | unique_states_cumulative: 43687/65536 (66.7%) | last100_unique: 4738
Game 6900 | Score: 0 | Record: 19 | Mean Score: 0.86 | Epsilon: 0.15 | Intrinsic: 0.000 | BufTerm: 0.131 | SampTerm: 0.151 | Oversample: 1.15x
[coverage] Game 6900 | unique_states_cumulative: 44106/65536 (67.3%) | last100_unique: 3405
Game 7000 | Score: 6 | Record: 19 | Mean Score: 0.91 | Epsilon: 0.14 | Intrinsic: 0.000 | BufTerm: 0.125 | SampTerm: 0.141 | Oversample: 1.13x
[coverage] Game 7000 | unique_states_cumulative: 44880/65536 (68.5%) | last100_unique: 5360
Game 7100 | Score: 19 | Record: 28 | Mean Score: 0.96 | Epsilon: 0.13 | Intrinsic: 0.000 | BufTerm: 0.118 | SampTerm: 0.119 | Oversample: 1.01x
[coverage] Game 7100 | unique_states_cumulative: 45665/65536 (69.7%) | last100_unique: 5886
Game 7200 | Score: 0 | Record: 28 | Mean Score: 1.01 | Epsilon: 0.12 | Intrinsic: 0.000 | BufTerm: 0.113 | SampTerm: 0.155 | Oversample: 1.37x
[coverage] Game 7200 | unique_states_cumulative: 46394/65536 (70.8%) | last100_unique: 5647
Game 7300 | Score: 10 | Record: 28 | Mean Score: 1.06 | Epsilon: 0.11 | Intrinsic: 0.000 | BufTerm: 0.109 | SampTerm: 0.143 | Oversample: 1.31x
[coverage] Game 7300 | unique_states_cumulative: 47046/65536 (71.8%) | last100_unique: 5453
Game 7400 | Score: 6 | Record: 28 | Mean Score: 1.12 | Epsilon: 0.09 | Intrinsic: 0.000 | BufTerm: 0.103 | SampTerm: 0.145 | Oversample: 1.41x
[coverage] Game 7400 | unique_states_cumulative: 47836/65536 (73.0%) | last100_unique: 6544
Game 7500 | Score: 28 | Record: 30 | Mean Score: 1.17 | Epsilon: 0.08 | Intrinsic: 0.000 | BufTerm: 0.099 | SampTerm: 0.145 | Oversample: 1.47x
[coverage] Game 7500 | unique_states_cumulative: 48517/65536 (74.0%) | last100_unique: 5835
Game 7600 | Score: 0 | Record: 33 | Mean Score: 1.24 | Epsilon: 0.07 | Intrinsic: 0.000 | BufTerm: 0.090 | SampTerm: 0.117 | Oversample: 1.30x
[coverage] Game 7600 | unique_states_cumulative: 49304/65536 (75.2%) | last100_unique: 7426
Game 7700 | Score: 0 | Record: 33 | Mean Score: 1.31 | Epsilon: 0.06 | Intrinsic: 0.000 | BufTerm: 0.084 | SampTerm: 0.104 | Oversample: 1.24x
[coverage] Game 7700 | unique_states_cumulative: 50009/65536 (76.3%) | last100_unique: 7104
Game 7800 | Score: 14 | Record: 33 | Mean Score: 1.38 | Epsilon: 0.04 | Intrinsic: 0.000 | BufTerm: 0.078 | SampTerm: 0.111 | Oversample: 1.42x
[coverage] Game 7800 | unique_states_cumulative: 50686/65536 (77.3%) | last100_unique: 7183
Game 7900 | Score: 5 | Record: 35 | Mean Score: 1.47 | Epsilon: 0.03 | Intrinsic: 0.000 | BufTerm: 0.072 | SampTerm: 0.097 | Oversample: 1.36x
[coverage] Game 7900 | unique_states_cumulative: 51522/65536 (78.6%) | last100_unique: 8861
Game 8000 | Score: 0 | Record: 40 | Mean Score: 1.57 | Epsilon: 0.02 | Intrinsic: 0.000 | BufTerm: 0.065 | SampTerm: 0.104 | Oversample: 1.60x
[coverage] Game 8000 | unique_states_cumulative: 52335/65536 (79.9%) | last100_unique: 8927
Game 8100 | Score: 0 | Record: 40 | Mean Score: 1.65 | Epsilon: 0.02 | Intrinsic: 0.000 | BufTerm: 0.059 | SampTerm: 0.076 | Oversample: 1.28x
[coverage] Game 8100 | unique_states_cumulative: 52993/65536 (80.9%) | last100_unique: 8437
Game 8200 | Score: 23 | Record: 40 | Mean Score: 1.73 | Epsilon: 0.02 | Intrinsic: 0.000 | BufTerm: 0.057 | SampTerm: 0.087 | Oversample: 1.51x
[coverage] Game 8200 | unique_states_cumulative: 53630/65536 (81.8%) | last100_unique: 7995
Game 8300 | Score: 0 | Record: 43 | Mean Score: 1.82 | Epsilon: 0.02 | Intrinsic: 0.000 | BufTerm: 0.053 | SampTerm: 0.088 | Oversample: 1.65x
[coverage] Game 8300 | unique_states_cumulative: 54302/65536 (82.9%) | last100_unique: 9159
Game 8400 | Score: 0 | Record: 43 | Mean Score: 1.90 | Epsilon: 0.02 | Intrinsic: 0.000 | BufTerm: 0.051 | SampTerm: 0.080 | Oversample: 1.58x
[coverage] Game 8400 | unique_states_cumulative: 54874/65536 (83.7%) | last100_unique: 8781
Game 8500 | Score: 24 | Record: 43 | Mean Score: 2.00 | Epsilon: 0.02 | Intrinsic: 0.000 | BufTerm: 0.048 | SampTerm: 0.073 | Oversample: 1.54x
[coverage] Game 8500 | unique_states_cumulative: 55489/65536 (84.7%) | last100_unique: 9392
Game 8600 | Score: 19 | Record: 43 | Mean Score: 2.07 | Epsilon: 0.02 | Intrinsic: 0.000 | BufTerm: 0.046 | SampTerm: 0.057 | Oversample: 1.24x
[coverage] Game 8600 | unique_states_cumulative: 55947/65536 (85.4%) | last100_unique: 8443
Game 8700 | Score: 0 | Record: 43 | Mean Score: 2.16 | Epsilon: 0.02 | Intrinsic: 0.000 | BufTerm: 0.045 | SampTerm: 0.081 | Oversample: 1.81x
[coverage] Game 8700 | unique_states_cumulative: 56481/65536 (86.2%) | last100_unique: 9684
Game 8800 | Score: 16 | Record: 43 | Mean Score: 2.24 | Epsilon: 0.02 | Intrinsic: 0.000 | BufTerm: 0.044 | SampTerm: 0.073 | Oversample: 1.65x
[coverage] Game 8800 | unique_states_cumulative: 57021/65536 (87.0%) | last100_unique: 9463
Game 8900 | Score: 0 | Record: 43 | Mean Score: 2.32 | Epsilon: 0.02 | Intrinsic: 0.000 | BufTerm: 0.044 | SampTerm: 0.067 | Oversample: 1.50x
[coverage] Game 8900 | unique_states_cumulative: 57451/65536 (87.7%) | last100_unique: 8958
Game 9000 | Score: 23 | Record: 43 | Mean Score: 2.39 | Epsilon: 0.02 | Intrinsic: 0.000 | BufTerm: 0.043 | SampTerm: 0.045 | Oversample: 1.05x
[coverage] Game 9000 | unique_states_cumulative: 57816/65536 (88.2%) | last100_unique: 8943
Game 9100 | Score: 0 | Record: 43 | Mean Score: 2.47 | Epsilon: 0.02 | Intrinsic: 0.000 | BufTerm: 0.043 | SampTerm: 0.075 | Oversample: 1.73x
[coverage] Game 9100 | unique_states_cumulative: 58186/65536 (88.8%) | last100_unique: 9244
Game 9200 | Score: 36 | Record: 43 | Mean Score: 2.54 | Epsilon: 0.02 | Intrinsic: 0.000 | BufTerm: 0.043 | SampTerm: 0.057 | Oversample: 1.33x
[coverage] Game 9200 | unique_states_cumulative: 58544/65536 (89.3%) | last100_unique: 9404
Game 9300 | Score: 0 | Record: 43 | Mean Score: 2.60 | Epsilon: 0.02 | Intrinsic: 0.000 | BufTerm: 0.044 | SampTerm: 0.071 | Oversample: 1.62x
[coverage] Game 9300 | unique_states_cumulative: 58801/65536 (89.7%) | last100_unique: 8593
Game 9400 | Score: 14 | Record: 43 | Mean Score: 2.65 | Epsilon: 0.02 | Intrinsic: 0.000 | BufTerm: 0.045 | SampTerm: 0.061 | Oversample: 1.37x
[coverage] Game 9400 | unique_states_cumulative: 59023/65536 (90.1%) | last100_unique: 7391
Game 9500 | Score: 0 | Record: 43 | Mean Score: 2.72 | Epsilon: 0.02 | Intrinsic: 0.000 | BufTerm: 0.044 | SampTerm: 0.060 | Oversample: 1.37x
[coverage] Game 9500 | unique_states_cumulative: 59343/65536 (90.6%) | last100_unique: 9645
Game 9600 | Score: 0 | Record: 45 | Mean Score: 2.77 | Epsilon: 0.02 | Intrinsic: 0.000 | BufTerm: 0.045 | SampTerm: 0.051 | Oversample: 1.13x
[coverage] Game 9600 | unique_states_cumulative: 59603/65536 (90.9%) | last100_unique: 8198
Game 9700 | Score: 29 | Record: 45 | Mean Score: 2.83 | Epsilon: 0.02 | Intrinsic: 0.000 | BufTerm: 0.045 | SampTerm: 0.060 | Oversample: 1.32x
[coverage] Game 9700 | unique_states_cumulative: 59876/65536 (91.4%) | last100_unique: 9272
Game 9800 | Score: 0 | Record: 45 | Mean Score: 2.89 | Epsilon: 0.02 | Intrinsic: 0.000 | BufTerm: 0.045 | SampTerm: 0.055 | Oversample: 1.21x
[coverage] Game 9800 | unique_states_cumulative: 60140/65536 (91.8%) | last100_unique: 9024
Game 9900 | Score: 8 | Record: 45 | Mean Score: 2.95 | Epsilon: 0.02 | Intrinsic: 0.000 | BufTerm: 0.046 | SampTerm: 0.063 | Oversample: 1.36x
[coverage] Game 9900 | unique_states_cumulative: 60360/65536 (92.1%) | last100_unique: 8015
Game 10000 | Score: 29 | Record: 46 | Mean Score: 3.01 | Epsilon: 0.02 | Intrinsic: 0.000 | BufTerm: 0.046 | SampTerm: 0.069 | Oversample: 1.51x
[coverage] Game 10000 | unique_states_cumulative: 60582/65536 (92.4%) | last100_unique: 8915
Game 10100 | Score: 0 | Record: 46 | Mean Score: 3.07 | Epsilon: 0.02 | Intrinsic: 0.000 | BufTerm: 0.046 | SampTerm: 0.045 | Oversample: 0.99x
[coverage] Game 10100 | unique_states_cumulative: 60810/65536 (92.8%) | last100_unique: 9484
Game 10200 | Score: 0 | Record: 46 | Mean Score: 3.13 | Epsilon: 0.02 | Intrinsic: 0.000 | BufTerm: 0.046 | SampTerm: 0.067 | Oversample: 1.46x
[coverage] Game 10200 | unique_states_cumulative: 61008/65536 (93.1%) | last100_unique: 9182
Game 10300 | Score: 8 | Record: 46 | Mean Score: 3.20 | Epsilon: 0.02 | Intrinsic: 0.000 | BufTerm: 0.044 | SampTerm: 0.069 | Oversample: 1.57x
[coverage] Game 10300 | unique_states_cumulative: 61217/65536 (93.4%) | last100_unique: 10264
Game 10400 | Score: 26 | Record: 46 | Mean Score: 3.28 | Epsilon: 0.02 | Intrinsic: 0.000 | BufTerm: 0.043 | SampTerm: 0.049 | Oversample: 1.16x
[coverage] Game 10400 | unique_states_cumulative: 61487/65536 (93.8%) | last100_unique: 11218
Game 10500 | Score: 0 | Record: 46 | Mean Score: 3.36 | Epsilon: 0.02 | Intrinsic: 0.000 | BufTerm: 0.040 | SampTerm: 0.072 | Oversample: 1.79x
[coverage] Game 10500 | unique_states_cumulative: 61696/65536 (94.1%) | last100_unique: 11026
Game 10600 | Score: 12 | Record: 51 | Mean Score: 3.42 | Epsilon: 0.02 | Intrinsic: 0.000 | BufTerm: 0.041 | SampTerm: 0.067 | Oversample: 1.64x
[coverage] Game 10600 | unique_states_cumulative: 61845/65536 (94.4%) | last100_unique: 9582
Game 10700 | Score: 0 | Record: 51 | Mean Score: 3.49 | Epsilon: 0.02 | Intrinsic: 0.000 | BufTerm: 0.039 | SampTerm: 0.044 | Oversample: 1.14x
[coverage] Game 10700 | unique_states_cumulative: 61991/65536 (94.6%) | last100_unique: 10579
Game 10800 | Score: 20 | Record: 51 | Mean Score: 3.54 | Epsilon: 0.02 | Intrinsic: 0.000 | BufTerm: 0.038 | SampTerm: 0.049 | Oversample: 1.29x
[coverage] Game 10800 | unique_states_cumulative: 62146/65536 (94.8%) | last100_unique: 9837
Game 10900 | Score: 0 | Record: 51 | Mean Score: 3.62 | Epsilon: 0.02 | Intrinsic: 0.000 | BufTerm: 0.037 | SampTerm: 0.053 | Oversample: 1.43x
[coverage] Game 10900 | unique_states_cumulative: 62302/65536 (95.1%) | last100_unique: 10976
Game 11000 | Score: 24 | Record: 51 | Mean Score: 3.66 | Epsilon: 0.02 | Intrinsic: 0.000 | BufTerm: 0.037 | SampTerm: 0.047 | Oversample: 1.25x
[coverage] Game 11000 | unique_states_cumulative: 62428/65536 (95.3%) | last100_unique: 9264
Game 11100 | Score: 45 | Record: 51 | Mean Score: 3.72 | Epsilon: 0.02 | Intrinsic: 0.000 | BufTerm: 0.038 | SampTerm: 0.053 | Oversample: 1.39x
[coverage] Game 11100 | unique_states_cumulative: 62558/65536 (95.5%) | last100_unique: 9814
Game 11200 | Score: 20 | Record: 51 | Mean Score: 3.76 | Epsilon: 0.02 | Intrinsic: 0.000 | BufTerm: 0.039 | SampTerm: 0.053 | Oversample: 1.37x
[coverage] Game 11200 | unique_states_cumulative: 62662/65536 (95.6%) | last100_unique: 9128
Game 11300 | Score: 17 | Record: 51 | Mean Score: 3.81 | Epsilon: 0.02 | Intrinsic: 0.000 | BufTerm: 0.040 | SampTerm: 0.059 | Oversample: 1.46x
[coverage] Game 11300 | unique_states_cumulative: 62756/65536 (95.8%) | last100_unique: 9070
Game 11400 | Score: 0 | Record: 51 | Mean Score: 3.83 | Epsilon: 0.02 | Intrinsic: 0.000 | BufTerm: 0.041 | SampTerm: 0.063 | Oversample: 1.52x
[coverage] Game 11400 | unique_states_cumulative: 62833/65536 (95.9%) | last100_unique: 6765
Game 11500 | Score: 0 | Record: 51 | Mean Score: 3.88 | Epsilon: 0.02 | Intrinsic: 0.000 | BufTerm: 0.042 | SampTerm: 0.063 | Oversample: 1.48x
[coverage] Game 11500 | unique_states_cumulative: 62928/65536 (96.0%) | last100_unique: 9472
Game 11600 | Score: 21 | Record: 51 | Mean Score: 3.93 | Epsilon: 0.02 | Intrinsic: 0.000 | BufTerm: 0.042 | SampTerm: 0.069 | Oversample: 1.64x
[coverage] Game 11600 | unique_states_cumulative: 63040/65536 (96.2%) | last100_unique: 10043
Game 11700 | Score: 0 | Record: 51 | Mean Score: 3.98 | Epsilon: 0.02 | Intrinsic: 0.000 | BufTerm: 0.043 | SampTerm: 0.048 | Oversample: 1.12x
[coverage] Game 11700 | unique_states_cumulative: 63139/65536 (96.3%) | last100_unique: 9663
Game 11800 | Score: 10 | Record: 51 | Mean Score: 4.02 | Epsilon: 0.02 | Intrinsic: 0.000 | BufTerm: 0.044 | SampTerm: 0.052 | Oversample: 1.19x
[coverage] Game 11800 | unique_states_cumulative: 63210/65536 (96.5%) | last100_unique: 9295
Game 11900 | Score: 0 | Record: 51 | Mean Score: 4.07 | Epsilon: 0.02 | Intrinsic: 0.000 | BufTerm: 0.043 | SampTerm: 0.059 | Oversample: 1.36x
[coverage] Game 11900 | unique_states_cumulative: 63290/65536 (96.6%) | last100_unique: 9559
Game 12000 | Score: 0 | Record: 51 | Mean Score: 4.12 | Epsilon: 0.02 | Intrinsic: 0.000 | BufTerm: 0.043 | SampTerm: 0.061 | Oversample: 1.44x
[coverage] Game 12000 | unique_states_cumulative: 63385/65536 (96.7%) | last100_unique: 10430
Game 12100 | Score: 1 | Record: 51 | Mean Score: 4.16 | Epsilon: 0.02 | Intrinsic: 0.000 | BufTerm: 0.043 | SampTerm: 0.071 | Oversample: 1.64x
[coverage] Game 12100 | unique_states_cumulative: 63448/65536 (96.8%) | last100_unique: 9392
Game 12200 | Score: 0 | Record: 51 | Mean Score: 4.22 | Epsilon: 0.02 | Intrinsic: 0.000 | BufTerm: 0.040 | SampTerm: 0.053 | Oversample: 1.34x
[coverage] Game 12200 | unique_states_cumulative: 63539/65536 (97.0%) | last100_unique: 11164
Game 12300 | Score: 0 | Record: 51 | Mean Score: 4.27 | Epsilon: 0.02 | Intrinsic: 0.000 | BufTerm: 0.039 | SampTerm: 0.053 | Oversample: 1.36x
[coverage] Game 12300 | unique_states_cumulative: 63626/65536 (97.1%) | last100_unique: 10539
Game 12400 | Score: 0 | Record: 51 | Mean Score: 4.33 | Epsilon: 0.02 | Intrinsic: 0.000 | BufTerm: 0.039 | SampTerm: 0.061 | Oversample: 1.59x
[coverage] Game 12400 | unique_states_cumulative: 63695/65536 (97.2%) | last100_unique: 11122
Game 12500 | Score: 0 | Record: 51 | Mean Score: 4.39 | Epsilon: 0.02 | Intrinsic: 0.000 | BufTerm: 0.037 | SampTerm: 0.041 | Oversample: 1.13x
[coverage] Game 12500 | unique_states_cumulative: 63760/65536 (97.3%) | last100_unique: 11784
Game 12600 | Score: 0 | Record: 51 | Mean Score: 4.45 | Epsilon: 0.02 | Intrinsic: 0.000 | BufTerm: 0.036 | SampTerm: 0.051 | Oversample: 1.42x
[coverage] Game 12600 | unique_states_cumulative: 63832/65536 (97.4%) | last100_unique: 11262
Game 12700 | Score: 16 | Record: 51 | Mean Score: 4.50 | Epsilon: 0.02 | Intrinsic: 0.000 | BufTerm: 0.036 | SampTerm: 0.052 | Oversample: 1.44x
[coverage] Game 12700 | unique_states_cumulative: 63887/65536 (97.5%) | last100_unique: 10225
Game 12800 | Score: 2 | Record: 51 | Mean Score: 4.55 | Epsilon: 0.02 | Intrinsic: 0.000 | BufTerm: 0.035 | SampTerm: 0.047 | Oversample: 1.34x
[coverage] Game 12800 | unique_states_cumulative: 63942/65536 (97.6%) | last100_unique: 11336
Game 12900 | Score: 11 | Record: 51 | Mean Score: 4.60 | Epsilon: 0.02 | Intrinsic: 0.000 | BufTerm: 0.035 | SampTerm: 0.059 | Oversample: 1.67x
[coverage] Game 12900 | unique_states_cumulative: 63988/65536 (97.6%) | last100_unique: 10080
Game 13000 | Score: 0 | Record: 51 | Mean Score: 4.65 | Epsilon: 0.02 | Intrinsic: 0.000 | BufTerm: 0.035 | SampTerm: 0.037 | Oversample: 1.08x
[coverage] Game 13000 | unique_states_cumulative: 64043/65536 (97.7%) | last100_unique: 11662
Game 13100 | Score: 0 | Record: 51 | Mean Score: 4.68 | Epsilon: 0.02 | Intrinsic: 0.000 | BufTerm: 0.036 | SampTerm: 0.049 | Oversample: 1.37x
[coverage] Game 13100 | unique_states_cumulative: 64086/65536 (97.8%) | last100_unique: 8246
Game 13200 | Score: 0 | Record: 52 | Mean Score: 4.72 | Epsilon: 0.02 | Intrinsic: 0.000 | BufTerm: 0.036 | SampTerm: 0.052 | Oversample: 1.43x
[coverage] Game 13200 | unique_states_cumulative: 64146/65536 (97.9%) | last100_unique: 11069
Game 13300 | Score: 6 | Record: 52 | Mean Score: 4.77 | Epsilon: 0.02 | Intrinsic: 0.000 | BufTerm: 0.037 | SampTerm: 0.059 | Oversample: 1.60x
[coverage] Game 13300 | unique_states_cumulative: 64201/65536 (98.0%) | last100_unique: 10923
Game 13400 | Score: 0 | Record: 52 | Mean Score: 4.81 | Epsilon: 0.02 | Intrinsic: 0.000 | BufTerm: 0.037 | SampTerm: 0.051 | Oversample: 1.38x
[coverage] Game 13400 | unique_states_cumulative: 64271/65536 (98.1%) | last100_unique: 9981
Game 13500 | Score: 0 | Record: 52 | Mean Score: 4.84 | Epsilon: 0.02 | Intrinsic: 0.000 | BufTerm: 0.038 | SampTerm: 0.044 | Oversample: 1.17x
[coverage] Game 13500 | unique_states_cumulative: 64312/65536 (98.1%) | last100_unique: 9690
Game 13600 | Score: 0 | Record: 54 | Mean Score: 4.89 | Epsilon: 0.02 | Intrinsic: 0.000 | BufTerm: 0.037 | SampTerm: 0.055 | Oversample: 1.49x
[coverage] Game 13600 | unique_states_cumulative: 64366/65536 (98.2%) | last100_unique: 11395
Game 13700 | Score: 27 | Record: 54 | Mean Score: 4.93 | Epsilon: 0.02 | Intrinsic: 0.000 | BufTerm: 0.038 | SampTerm: 0.045 | Oversample: 1.20x
[coverage] Game 13700 | unique_states_cumulative: 64394/65536 (98.3%) | last100_unique: 10143
Game 13800 | Score: 26 | Record: 54 | Mean Score: 4.96 | Epsilon: 0.02 | Intrinsic: 0.000 | BufTerm: 0.039 | SampTerm: 0.039 | Oversample: 0.99x
[coverage] Game 13800 | unique_states_cumulative: 64436/65536 (98.3%) | last100_unique: 8985
Game 13900 | Score: 0 | Record: 54 | Mean Score: 5.00 | Epsilon: 0.02 | Intrinsic: 0.000 | BufTerm: 0.038 | SampTerm: 0.041 | Oversample: 1.09x
[coverage] Game 13900 | unique_states_cumulative: 64474/65536 (98.4%) | last100_unique: 11089
[Game 14000] Final LR cooldown applied → 1e-5
Game 14000 | Score: 0 | Record: 54 | Mean Score: 5.04 | Epsilon: 0.02 | Intrinsic: 0.000 | BufTerm: 0.037 | SampTerm: 0.059 | Oversample: 1.57x
[coverage] Game 14000 | unique_states_cumulative: 64518/65536 (98.4%) | last100_unique: 10867
Game 14100 | Score: 18 | Record: 54 | Mean Score: 5.09 | Epsilon: 0.02 | Intrinsic: 0.000 | BufTerm: 0.037 | SampTerm: 0.053 | Oversample: 1.46x
[coverage] Game 14100 | unique_states_cumulative: 64550/65536 (98.5%) | last100_unique: 12203
Game 14200 | Score: 0 | Record: 54 | Mean Score: 5.15 | Epsilon: 0.02 | Intrinsic: 0.000 | BufTerm: 0.035 | SampTerm: 0.047 | Oversample: 1.34x
[coverage] Game 14200 | unique_states_cumulative: 64583/65536 (98.5%) | last100_unique: 12799
Game 14300 | Score: 0 | Record: 54 | Mean Score: 5.19 | Epsilon: 0.02 | Intrinsic: 0.000 | BufTerm: 0.034 | SampTerm: 0.040 | Oversample: 1.16x
[coverage] Game 14300 | unique_states_cumulative: 64609/65536 (98.6%) | last100_unique: 11443
Game 14400 | Score: 0 | Record: 54 | Mean Score: 5.25 | Epsilon: 0.02 | Intrinsic: 0.000 | BufTerm: 0.033 | SampTerm: 0.060 | Oversample: 1.84x
[coverage] Game 14400 | unique_states_cumulative: 64648/65536 (98.6%) | last100_unique: 13111
Game 14500 | Score: 48 | Record: 54 | Mean Score: 5.29 | Epsilon: 0.02 | Intrinsic: 0.000 | BufTerm: 0.032 | SampTerm: 0.052 | Oversample: 1.61x
[coverage] Game 14500 | unique_states_cumulative: 64666/65536 (98.7%) | last100_unique: 10346
Game 14600 | Score: 43 | Record: 54 | Mean Score: 5.34 | Epsilon: 0.02 | Intrinsic: 0.000 | BufTerm: 0.031 | SampTerm: 0.036 | Oversample: 1.18x
[coverage] Game 14600 | unique_states_cumulative: 64696/65536 (98.7%) | last100_unique: 13456
Game 14700 | Score: 0 | Record: 54 | Mean Score: 5.40 | Epsilon: 0.02 | Intrinsic: 0.000 | BufTerm: 0.030 | SampTerm: 0.055 | Oversample: 1.82x
[coverage] Game 14700 | unique_states_cumulative: 64724/65536 (98.8%) | last100_unique: 13050
Game 14800 | Score: 0 | Record: 54 | Mean Score: 5.45 | Epsilon: 0.02 | Intrinsic: 0.000 | BufTerm: 0.030 | SampTerm: 0.051 | Oversample: 1.71x
[coverage] Game 14800 | unique_states_cumulative: 64752/65536 (98.8%) | last100_unique: 13268
Game 14900 | Score: 0 | Record: 54 | Mean Score: 5.50 | Epsilon: 0.02 | Intrinsic: 0.000 | BufTerm: 0.029 | SampTerm: 0.047 | Oversample: 1.58x
[coverage] Game 14900 | unique_states_cumulative: 64779/65536 (98.8%) | last100_unique: 11948
Game 15000 | Score: 17 | Record: 54 | Mean Score: 5.54 | Epsilon: 0.02 | Intrinsic: 0.000 | BufTerm: 0.030 | SampTerm: 0.053 | Oversample: 1.76x
[coverage] Game 15000 | unique_states_cumulative: 64801/65536 (98.9%) | last100_unique: 11580
Game 15100 | Score: 0 | Record: 54 | Mean Score: 5.58 | Epsilon: 0.02 | Intrinsic: 0.000 | BufTerm: 0.030 | SampTerm: 0.056 | Oversample: 1.89x
[coverage] Game 15100 | unique_states_cumulative: 64823/65536 (98.9%) | last100_unique: 11901
Game 15200 | Score: 14 | Record: 54 | Mean Score: 5.63 | Epsilon: 0.02 | Intrinsic: 0.000 | BufTerm: 0.030 | SampTerm: 0.037 | Oversample: 1.25x
[coverage] Game 15200 | unique_states_cumulative: 64851/65536 (99.0%) | last100_unique: 12948
Game 15300 | Score: 46 | Record: 54 | Mean Score: 5.68 | Epsilon: 0.02 | Intrinsic: 0.000 | BufTerm: 0.030 | SampTerm: 0.043 | Oversample: 1.42x
[coverage] Game 15300 | unique_states_cumulative: 64880/65536 (99.0%) | last100_unique: 13115
Game 15400 | Score: 14 | Record: 54 | Mean Score: 5.74 | Epsilon: 0.02 | Intrinsic: 0.000 | BufTerm: 0.030 | SampTerm: 0.043 | Oversample: 1.44x
[coverage] Game 15400 | unique_states_cumulative: 64907/65536 (99.0%) | last100_unique: 13550
Game 15500 | Score: 0 | Record: 54 | Mean Score: 5.79 | Epsilon: 0.02 | Intrinsic: 0.000 | BufTerm: 0.029 | SampTerm: 0.037 | Oversample: 1.29x
[coverage] Game 15500 | unique_states_cumulative: 64923/65536 (99.1%) | last100_unique: 13025
Game 15600 | Score: 31 | Record: 55 | Mean Score: 5.85 | Epsilon: 0.02 | Intrinsic: 0.000 | BufTerm: 0.028 | SampTerm: 0.041 | Oversample: 1.50x
[coverage] Game 15600 | unique_states_cumulative: 64938/65536 (99.1%) | last100_unique: 13916
Game 15700 | Score: 0 | Record: 55 | Mean Score: 5.88 | Epsilon: 0.02 | Intrinsic: 0.000 | BufTerm: 0.028 | SampTerm: 0.044 | Oversample: 1.55x
[coverage] Game 15700 | unique_states_cumulative: 64952/65536 (99.1%) | last100_unique: 11296
Game 15800 | Score: 0 | Record: 56 | Mean Score: 5.93 | Epsilon: 0.02 | Intrinsic: 0.000 | BufTerm: 0.028 | SampTerm: 0.047 | Oversample: 1.65x
[coverage] Game 15800 | unique_states_cumulative: 64961/65536 (99.1%) | last100_unique: 13161
Game 15900 | Score: 0 | Record: 56 | Mean Score: 5.98 | Epsilon: 0.02 | Intrinsic: 0.000 | BufTerm: 0.028 | SampTerm: 0.039 | Oversample: 1.36x
[coverage] Game 15900 | unique_states_cumulative: 64972/65536 (99.1%) | last100_unique: 13176
Game 16000 | Score: 0 | Record: 56 | Mean Score: 6.02 | Epsilon: 0.02 | Intrinsic: 0.000 | BufTerm: 0.029 | SampTerm: 0.033 | Oversample: 1.16x
[coverage] Game 16000 | unique_states_cumulative: 64984/65536 (99.2%) | last100_unique: 11810

Training Complete!
Best Score: 56
Final Mean Score: 6.02
wandb: updating run metadata
wandb: uploading output.log; uploading wandb-summary.json; uploading config.yaml
wandb: uploading output.log
wandb: 
wandb: Run history:
wandb:        Buf_Terminal_Frac ▇▇████████▇▇▇▇▇▆▆▅▅▄▃▂▂▁▁▁▂▁▁▁▁▁▁▁▁▁▁▁▁▁
wandb:      Coverage_Cumulative ▁▁▁▂▂▃▃▃▃▃▄▄▄▄▄▅▅▅▆▆▇▇▇▇▇▇██████████████
wandb: Coverage_Cumulative_Frac ▁▂▂▂▂▃▃▃▃▃▅▅▅▆▆▆▇▇▇▇████████████████████
wandb:       Coverage_Window100 ▁▁▁▁▁▁▁▁▁▁▁▁▁▂▂▃▃▂▃▄▅▅▆▅▅▆▆▄▆▆▆▆▇▆▇█▇██▇
wandb:                  Epsilon ██▇▇▇▆▆▆▆▅▅▄▄▃▂▁▁▁▁▁▁▁▁▁▁▁▁▁▁▁▁▁▁▁▁▁▁▁▁▁
wandb:                     Game ▁▁▁▁▂▂▂▂▃▃▃▃▃▄▄▄▄▄▄▅▅▅▅▅▅▆▆▆▆▇▇▇▇▇▇█████
wandb:               Mean_Score ▁▁▁▁▁▁▁▁▁▁▁▁▁▁▁▂▂▂▂▂▂▂▂▃▄▅▅▅▅▅▆▆▆▆▇▇████
wandb:                   Record ▁▁▁▁▁▁▁▁▁▁▂▂▃▃▃▅▆▆▆▆▆▆▆▇▇▇▇▇▇▇▇█████████
wandb:     Sample_Terminal_Frac ▆▇▆█▆▅▇▇▆▇▇▇█▇▆▆▇█▆▅▃▂▃▁▂▂▃▂▂▂▂▂▂▂▂▂▁▁▁▁
wandb:                    Score ▁▁▁▁▁▁▁▁▁▁▂▁▁▁▂▁▆▁▃▂▁▁▁▅▁▁▁▃▄▁▁▁▁▅▅▁█▁▃▁
wandb:                       +1 ...
wandb: 
wandb: Run summary:
wandb:        Buf_Terminal_Frac 0.02885
wandb:      Coverage_Cumulative 64984
wandb: Coverage_Cumulative_Frac 0.99158
wandb:       Coverage_Window100 11810
wandb:                  Epsilon 0.02
wandb:                     Game 16000
wandb:               Mean_Score 6.01537
wandb:                   Record 56
wandb:     Sample_Terminal_Frac 0.03333
wandb:                    Score 0
wandb:                       +1 ...
wandb: 
wandb: 🚀 View run FeatureDQN_v2_16x16_dense_seed2 at: https://wandb.ai/saheb37/rl-snake/runs/lhbnxvmg
wandb: ⭐️ View project at: https://wandb.ai/saheb37/rl-snake
wandb: Synced 5 W&B file(s), 0 media file(s), 0 artifact file(s) and 0 other file(s)
wandb: Find logs at: ./wandb/run-20260517_100137-lhbnxvmg/logs
--- FeatureDQN_v2_16x16_dense_seed2 done ---
All Feature DQN long runs complete.
